,date,open,high,low,ltp,% change,turnover,close
0,2024-03-31,182.1,200.0,179.0,181.6,-0.16,16703251.7,186.86666666666667
1,2024-03-28,186.5,186.5,181.0,181.9,-0.55,8353715.5,183.13333333333333
2,2024-03-27,184.0,185.0,181.5,182.9,-1.03,7353346.1,183.13333333333333
3,2024-03-26,184.0,185.0,181.1,184.8,0.27,5951354.7,183.63333333333335
4,2024-03-25,185.0,187.0,183.6,184.3,-1.6,15073846.2,184.9666666666667
5,2024-03-21,189.0,190.0,186.6,187.3,-1.42,8209397.5,187.9666666666667
6,2024-03-20,192.7,192.7,187.2,190.0,0.53,7641481.6,189.96666666666667
7,2024-03-19,192.5,192.5,188.5,189.0,-2.02,7688193.6,190.0
8,2024-03-18,195.3,195.3,188.2,192.9,0.73,10667247.9,192.13333333333333
9,2024-03-17,191.0,192.0,190.1,191.5,-1.03,7746439.3,191.20000000000002
10,2024-03-14,192.0,194.8,192.0,193.5,-0.26,14092376.1,193.4333333333333
11,2024-03-13,197.8,197.8,191.1,194.0,0.0,12242841.6,194.29999999999998
12,2024-03-12,191.0,195.0,190.6,194.0,1.57,14691223.6,193.20000000000002
13,2024-03-10,191.7,192.0,188.0,191.0,1.6,9766429.2,190.33333333333334
14,2024-03-07,189.7,193.1,186.0,188.0,1.08,9097623.4,189.03333333333333
15,2024-03-06,186.1,188.8,183.0,186.0,-0.05,5164539.0,185.9333333333333
16,2024-03-05,197.0,197.1,186.0,186.1,-4.95,10356250.9,189.73333333333335
17,2024-03-04,183.0,195.8,183.0,195.8,7.94,332892.0,191.53333333333333
18,2024-03-03,180.0,181.9,178.6,181.4,-0.27,9288224.9,180.63333333333333
19,2024-02-29,182.0,192.4,181.1,181.9,-1.68,6312151.7,185.13333333333333
20,2024-02-28,184.0,186.0,181.7,185.0,0.54,8613319.8,184.23333333333335
21,2024-02-27,184.9,184.9,181.0,184.0,0.82,6831592.0,183.29999999999998
22,2024-02-26,184.0,187.6,179.2,182.5,0.66,9936167.8,183.1
23,2024-02-25,188.0,188.0,180.0,181.3,-2.79,15480684.8,183.1
24,2024-02-22,189.0,190.0,186.5,186.5,-1.32,10831124.3,187.66666666666666
25,2024-02-21,190.0,191.0,188.0,189.0,0.0,6894824.0,189.33333333333334
26,2024-02-20,186.1,191.0,186.1,189.0,0.16,14128955.0,188.70000000000002
27,2024-02-18,190.0,192.0,188.3,188.7,-1.2,12461450.4,189.66666666666666
28,2024-02-15,193.0,193.0,190.1,191.0,-0.52,11987537.8,191.36666666666667
29,2024-02-14,194.5,194.5,191.2,192.0,0.0,7825838.3,192.5666666666667
30,2024-02-13,194.0,195.0,191.1,192.0,-1.23,20497551.0,192.70000000000002
31,2024-02-12,198.0,198.0,193.1,194.4,-0.05,12139194.6,195.16666666666666
32,2024-02-11,195.0,198.0,194.1,194.5,-0.26,17064442.3,195.53333333333333
33,2024-02-08,194.5,197.0,194.1,195.0,0.26,11308139.4,195.36666666666667
34,2024-02-07,196.9,200.8,194.1,194.5,0.73,8531908.0,196.46666666666667
35,2024-02-06,195.0,196.0,193.0,193.1,-0.26,10202557.3,194.03333333333333
36,2024-02-05,195.5,197.0,193.0,193.6,-0.51,11974771.8,194.53333333333333
37,2024-02-04,196.0,196.0,193.2,194.6,-0.56,12476909.8,194.6
38,2024-02-01,197.0,197.0,195.0,195.7,-0.66,16734691.8,195.9
39,2024-01-31,195.0,200.0,195.0,197.0,-0.76,19626525.5,197.33333333333334
40,2024-01-30,201.9,201.9,197.3,198.5,-0.25,16842011.0,199.23333333333335
41,2024-01-29,200.0,202.0,197.9,199.0,-0.5,17889115.3,199.63333333333333
42,2024-01-28,202.0,202.0,198.8,200.0,-0.99,18753024.6,200.26666666666665
43,2024-01-25,200.0,202.9,199.0,202.0,0.15,22820724.6,201.29999999999998
44,2024-01-24,199.0,201.9,197.5,201.7,1.87,23717708.6,200.36666666666665
45,2024-01-23,199.0,200.0,196.5,198.0,0.0,21003350.4,198.16666666666666
46,2024-01-22,200.7,202.0,196.1,198.0,-1.98,26801171.0,198.70000000000002
47,2024-01-21,202.4,204.5,200.0,202.0,-2.18,41061800.4,202.16666666666666
48,2024-01-18,206.5,209.0,204.7,206.5,-0.96,29367050.8,206.73333333333335
49,2024-01-17,213.5,214.0,205.8,208.5,-0.43,48478653.0,209.4333333333333
50,2024-01-16,207.0,210.5,206.1,209.4,2.15,42399704.5,208.66666666666666
51,2024-01-14,204.9,206.0,202.1,205.0,1.74,20946399.2,204.36666666666667
52,2024-01-11,203.0,204.8,200.5,201.5,0.25,47243988.8,202.26666666666665
53,2024-01-10,204.0,208.0,201.0,201.0,0.5,24035539.5,203.33333333333334
54,2024-01-09,201.0,203.0,200.0,200.0,0.0,35802717.3,201.0
55,2024-01-08,200.1,203.0,200.0,200.0,0.86,22693246.2,201.0
56,2024-01-07,201.0,205.0,198.1,198.3,-1.83,33750723.6,200.4666666666667
57,2024-01-04,203.0,205.1,201.0,202.0,-0.83,22074204.3,202.70000000000002
58,2024-01-03,201.6,205.0,201.6,203.7,0.34,13752330.4,203.4333333333333
59,2024-01-02,207.0,208.0,203.0,203.0,-1.93,34558396.2,204.66666666666666
60,2024-01-01,206.1,207.9,202.9,207.0,0.44,22061721.4,205.9333333333333
61,2023-12-28,206.0,207.0,202.0,206.1,0.98,23418834.9,205.03333333333333
62,2023-12-27,203.5,211.1,201.9,204.1,0.54,33728537.1,205.70000000000002
63,2023-12-24,210.0,210.0,201.2,203.0,-1.93,41477710.0,204.73333333333335
64,2023-12-21,213.0,213.0,206.0,207.0,-1.9,37535302.9,208.66666666666666
65,2023-12-20,208.0,216.2,206.0,211.0,3.43,70645540.0,211.0666666666667
66,2023-12-19,205.0,209.0,202.6,204.0,0.99,55879493.6,205.20000000000002
67,2023-12-18,197.8,204.4,196.0,202.0,2.12,46701436.7,200.79999999999998
68,2023-12-17,194.6,199.0,189.0,197.8,-0.35,33398432.3,195.26666666666665
69,2023-12-14,199.0,200.0,196.1,198.5,0.25,14880165.4,198.20000000000002
70,2023-12-13,199.0,202.9,197.5,198.0,-0.5,21748943.5,199.46666666666667
71,2023-12-12,200.9,202.5,197.2,199.0,-0.95,20893653.5,199.5666666666667
72,2023-12-11,208.0,208.0,197.0,200.9,-1.52,30500205.4,201.96666666666667
73,2023-12-10,191.0,206.5,191.0,204.0,6.81,3154322.8,200.5
74,2023-12-07,191.0,193.0,188.4,191.0,0.26,7503839.8,190.79999999999998
75,2023-12-06,190.0,190.5,187.0,190.5,0.26,9623547.7,189.33333333333334
76,2023-12-05,193.0,195.0,190.0,190.0,-1.55,14504477.0,191.66666666666666
77,2023-12-04,196.0,196.5,193.0,193.0,-1.53,15459235.3,194.16666666666666
78,2023-12-03,201.0,201.0,194.5,196.0,-1.01,11830376.5,197.16666666666666
79,2023-11-30,200.0,200.0,197.0,198.0,-1.98,12654358.7,198.33333333333334
80,2023-11-29,205.0,205.0,200.0,202.0,-3.31,13278908.3,202.33333333333334
81,2023-11-28,209.9,212.0,209.0,211.0,0.96,35517870.5,210.66666666666666
82,2023-11-27,209.0,210.0,207.1,209.0,0.48,20043724.1,208.70000000000002
83,2023-11-26,206.0,209.0,205.2,208.0,0.0,15850077.3,207.4
84,2023-11-23,206.0,208.1,204.0,208.0,0.97,16691027.6,206.70000000000002
85,2023-11-22,204.0,208.0,202.7,206.0,-0.05,15433653.1,205.5666666666667
86,2023-11-21,210.0,210.0,204.1,206.1,-0.43,16534861.3,206.73333333333335
87,2023-11-20,212.0,212.0,206.0,207.0,-0.48,15829767.9,208.33333333333334
88,2023-11-09,205.0,208.0,203.6,208.0,0.97,7705699.5,206.53333333333333
89,2023-11-08,204.0,206.5,203.1,206.0,0.29,9610759.3,205.20000000000002
90,2023-11-07,205.0,205.5,203.3,205.4,1.18,10886392.7,204.73333333333335
91,2023-11-06,203.0,203.0,200.0,203.0,1.0,18359976.6,202.0
92,2023-11-05,206.0,206.0,199.7,201.0,-2.43,31779874.7,202.23333333333335
93,2023-11-02,208.0,209.6,205.0,206.0,-1.39,12875099.4,206.86666666666667
94,2023-11-01,207.0,210.0,206.3,208.9,0.48,12518140.6,208.4
95,2023-10-31,209.0,209.0,206.1,207.9,-0.53,4377814.3,207.66666666666666
96,2023-10-30,205.0,209.1,201.2,209.0,1.95,13351129.3,206.4333333333333
97,2023-10-29,206.6,207.0,204.0,205.0,-1.82,8155256.6,205.33333333333334
98,2023-10-19,210.9,211.0,205.2,208.8,0.0,7876861.4,208.33333333333334
99,2023-10-18,202.0,208.9,202.0,208.8,3.37,10632409.7,206.5666666666667
100,2023-10-17,201.0,207.0,200.2,202.0,1.66,9789846.9,203.0666666666667
101,2023-10-16,201.0,202.0,198.5,198.7,-1.58,17366483.8,199.73333333333335
102,2023-10-12,203.9,203.9,200.0,201.9,-0.15,19498592.2,201.9333333333333
103,2023-10-11,202.0,205.0,201.1,202.2,0.1,13602458.0,202.76666666666665
104,2023-10-10,207.8,207.8,202.0,202.0,-1.46,14593130.0,203.9333333333333
105,2023-10-09,207.0,208.0,203.0,205.0,-0.97,14383747.3,205.33333333333334
106,2023-10-08,212.0,212.0,204.9,207.0,-0.48,18377780.9,207.96666666666667
107,2023-10-05,206.1,208.1,206.1,208.0,0.48,17616378.9,207.4
108,2023-10-04,206.0,208.4,204.1,207.0,0.24,16179664.1,206.5
109,2023-10-03,211.5,211.5,206.0,206.5,-0.43,13278172.2,208.0
110,2023-10-02,204.0,209.0,204.0,207.4,0.24,20850547.1,206.79999999999998
111,2023-10-01,208.0,208.9,204.6,206.9,-0.77,17363649.1,206.79999999999998
112,2023-09-27,210.0,210.0,207.3,208.5,-0.57,10490775.2,208.6
113,2023-09-26,208.0,209.7,206.1,209.7,2.14,20158397.6,208.5
114,2023-09-25,208.0,208.0,204.0,205.3,0.15,10871637.3,205.76666666666665
115,2023-09-24,208.0,209.0,204.2,205.0,-1.35,15456477.8,206.0666666666667
116,2023-09-21,207.4,210.0,205.6,207.8,2.16,23211144.9,207.80000000000004
117,2023-09-19,204.0,205.0,202.0,203.4,-0.49,7301756.9,203.46666666666667
118,2023-09-18,205.0,205.0,201.1,204.4,0.34,6722859.6,203.5
119,2023-09-17,205.0,208.0,203.0,203.7,-0.63,18103425.6,204.9
120,2023-09-13,204.0,205.0,203.1,205.0,0.94,10564973.0,204.36666666666667
121,2023-09-12,206.0,206.0,202.1,203.1,-0.93,9174488.3,203.73333333333335
122,2023-09-11,200.1,205.0,187.0,205.0,2.76,18477387.2,199.0
123,2023-09-10,199.0,200.9,198.3,199.5,0.61,15307067.4,199.5666666666667
124,2023-09-07,200.0,202.0,198.0,198.3,-0.9,11252020.8,199.4333333333333
125,2023-09-05,200.6,203.1,200.0,200.1,-1.43,14071359.3,201.0666666666667
126,2023-09-04,206.0,207.0,201.1,203.0,-0.25,12111695.6,203.70000000000002
127,2023-09-03,208.0,208.0,203.0,203.5,-0.88,14377268.1,204.83333333333334
128,2023-08-30,210.9,210.9,204.5,205.3,-0.73,18124569.6,206.9
129,2023-08-29,206.1,208.0,206.0,206.8,-0.34,6195673.5,206.9333333333333
130,2023-08-28,204.0,210.0,204.0,207.5,0.97,12283036.0,207.16666666666666
131,2023-08-27,206.0,209.0,205.0,205.5,-0.24,10894570.4,206.5
132,2023-08-24,209.0,210.5,205.5,206.0,-1.9,20695501.3,207.33333333333334
133,2023-08-23,208.0,212.0,208.0,210.0,0.96,12206026.6,210.0
134,2023-08-22,210.0,210.0,205.1,208.0,-0.19,12320821.0,207.70000000000002
135,2023-08-21,210.0,211.0,206.0,208.4,-0.43,13194603.7,208.46666666666667
136,2023-08-20,212.0,213.0,209.0,209.3,-1.04,20513877.5,210.4333333333333
137,2023-08-17,211.0,214.0,210.0,211.5,0.24,9488238.7,211.83333333333334
138,2023-08-16,213.7,213.7,209.0,211.0,-1.22,18437305.1,211.23333333333335
139,2023-08-15,218.0,218.0,212.1,213.6,-1.11,14742997.6,214.5666666666667
140,2023-08-14,218.4,220.0,215.0,216.0,0.51,20463567.9,217.0
141,2023-08-13,213.0,218.0,209.0,214.9,2.33,27950786.4,213.96666666666667
142,2023-08-10,215.9,216.8,210.0,210.0,-1.41,22473614.6,212.26666666666665
143,2023-08-09,207.5,213.0,203.1,213.0,2.8,21541251.1,209.70000000000002
144,2023-08-08,211.0,215.0,207.0,207.2,-2.72,26725097.4,209.73333333333335
145,2023-08-07,219.0,219.0,210.8,213.0,-1.25,31396026.6,214.26666666666665
146,2023-08-06,228.4,230.0,213.5,215.7,-3.71,85577338.5,219.73333333333335
147,2023-08-03,224.4,225.0,221.5,224.0,0.9,30129802.6,223.5
148,2023-08-02,218.6,222.9,217.0,222.0,1.6,28200067.7,220.63333333333333
149,2023-08-01,220.0,224.0,217.1,218.5,-0.68,34028082.3,219.86666666666667
150,2023-07-31,217.0,222.0,213.4,220.0,2.33,37843182.4,218.46666666666667
151,2023-07-30,220.0,223.7,212.7,215.0,-2.05,37930164.6,217.13333333333333
152,2023-07-27,223.0,226.0,218.2,219.5,-1.35,40962810.5,221.23333333333335
153,2023-07-26,223.0,226.4,218.1,222.5,0.09,52466988.4,222.33333333333334
154,2023-07-25,231.0,235.0,222.0,222.3,-3.77,78283285.8,226.4333333333333
155,2023-07-24,220.0,241.9,215.0,231.0,3.63,191648363.2,229.29999999999998
156,2023-07-23,205.0,223.5,205.0,222.9,9.32,123422835.3,217.13333333333333
157,2023-07-20,200.0,206.0,200.0,203.9,2.0,54111937.2,203.29999999999998
158,2023-07-19,195.0,200.0,194.0,199.9,2.51,46678152.4,197.96666666666667
159,2023-07-18,193.0,197.2,191.0,195.0,2.36,43618680.2,194.4
160,2023-07-17,185.5,192.0,184.5,190.5,2.42,21195041.1,189.0
161,2023-07-16,186.3,186.8,182.0,186.0,1.36,13232950.6,184.9333333333333
162,2023-07-13,182.9,185.0,182.0,183.5,1.66,15922680.0,183.5
163,2023-07-12,178.2,183.0,178.2,180.5,1.4,13594353.2,180.5666666666667
164,2023-07-11,180.0,182.0,177.5,178.0,0.0,14648845.3,179.16666666666666
165,2023-07-10,182.0,184.0,176.0,178.0,-0.5,28546395.8,179.33333333333334
166,2023-07-09,176.3,184.0,176.3,178.9,-0.5,21523437.0,179.73333333333335
167,2023-07-06,182.0,183.0,177.0,179.8,-0.33,38904794.6,179.9333333333333
168,2023-07-05,183.5,184.5,179.5,180.4,-1.26,22091154.7,181.46666666666667
169,2023-07-04,182.1,185.7,182.0,182.7,-0.65,18598449.9,183.46666666666667
170,2023-07-03,186.0,186.5,182.7,183.9,-1.13,13822924.3,184.36666666666667
171,2023-07-02,191.0,191.0,185.5,186.0,-2.97,20560125.1,187.5
172,2023-06-28,195.5,201.9,191.0,191.7,-0.16,34033302.3,194.86666666666665
173,2023-06-27,182.0,192.0,182.0,192.0,5.49,42111441.7,188.66666666666666
174,2023-06-26,183.9,185.6,181.0,182.0,-1.03,22986988.8,182.86666666666667
175,2023-06-25,182.0,183.9,180.6,183.9,1.38,37348650.2,182.79999999999998
176,2023-06-22,181.6,183.0,180.4,181.4,-0.17,13969519.6,181.6
177,2023-06-21,184.0,184.9,181.7,181.7,-1.09,27070130.8,182.76666666666665
178,2023-06-20,184.9,185.3,182.0,183.7,1.05,23268729.8,183.66666666666666
179,2023-06-19,183.0,183.9,181.8,181.8,-0.71,23075192.9,182.5
180,2023-06-18,183.1,186.0,182.3,183.1,-0.33,19884425.8,183.79999999999998
181,2023-06-15,185.2,186.9,183.5,183.7,-0.7,11462951.2,184.69999999999996
182,2023-06-14,183.0,186.5,183.0,185.0,1.09,26624566.8,184.83333333333334
183,2023-06-13,182.0,185.0,180.5,183.0,0.22,17419658.5,182.83333333333334
184,2023-06-12,184.0,185.0,181.6,182.6,-0.11,19366296.5,183.0666666666667
185,2023-06-11,181.0,183.9,180.0,182.8,0.44,21456443.3,182.23333333333335
186,2023-06-08,183.3,183.3,180.5,182.0,-0.11,10265066.1,181.9333333333333
187,2023-06-07,183.2,184.5,182.0,182.2,-0.55,8583702.7,182.9
188,2023-06-06,185.0,185.0,181.0,183.2,-0.33,7240644.3,183.0666666666667
189,2023-06-05,184.0,187.0,182.5,183.8,-0.05,9062975.7,184.4333333333333
190,2023-06-04,181.0,185.5,180.0,183.9,1.32,10741494.3,183.13333333333333
191,2023-06-01,180.0,185.0,177.9,181.5,0.0,15347582.8,181.46666666666667
192,2023-05-31,183.7,184.9,180.1,181.5,-1.2,11774567.5,182.16666666666666
193,2023-05-30,188.1,188.1,182.5,183.7,-2.34,13271644.6,184.76666666666665
194,2023-05-28,187.0,191.0,186.0,188.1,0.32,21847611.3,188.36666666666667
195,2023-05-24,188.9,188.9,185.2,187.5,0.27,9665969.9,187.20000000000002
196,2023-05-23,185.0,187.5,185.0,187.0,1.19,10548400.3,186.5
197,2023-05-22,185.0,186.0,182.5,184.8,-0.11,11706709.9,184.4333333333333
198,2023-05-21,186.0,187.6,184.0,185.0,0.54,11884188.9,185.53333333333333
199,2023-05-18,186.0,186.0,181.3,184.0,0.55,12672875.3,183.76666666666665
200,2023-05-17,184.0,184.0,181.2,183.0,0.0,14648325.9,182.73333333333335
201,2023-05-16,182.0,184.0,181.0,183.0,-0.27,13641849.2,182.66666666666666
202,2023-05-15,185.0,185.0,181.0,183.5,-0.27,6625253.8,183.16666666666666
203,2023-05-14,184.0,185.0,182.0,184.0,0.93,10753810.3,183.66666666666666
204,2023-05-11,185.0,185.0,182.0,182.3,-0.49,5659418.6,183.1
205,2023-05-10,185.0,185.0,182.2,183.2,0.0,5678710.9,183.46666666666667
206,2023-05-09,184.9,184.9,180.4,183.2,0.94,10808582.3,182.83333333333334
207,2023-05-08,186.0,186.0,180.2,181.5,-0.82,12874084.3,182.5666666666667
208,2023-05-07,187.0,187.0,183.0,183.0,-1.77,9058965.3,184.33333333333334
209,2023-05-04,187.0,187.0,183.2,186.3,0.7,8119156.0,185.5
210,2023-05-03,183.0,185.0,182.5,185.0,0.82,7043963.1,184.16666666666666
211,2023-05-02,187.0,190.0,183.3,183.5,-1.87,11154536.3,185.6
212,2023-04-30,190.0,190.0,185.7,187.0,-1.01,13483452.5,187.5666666666667
213,2023-04-27,191.0,191.0,187.0,188.9,-0.53,6239300.2,188.96666666666667
214,2023-04-26,192.0,192.0,188.0,189.9,-0.26,12701926.6,189.96666666666667
215,2023-04-25,189.0,190.7,186.9,190.4,0.74,13048263.1,189.33333333333334
216,2023-04-24,188.0,190.9,187.0,189.0,0.27,7555269.9,188.96666666666667
217,2023-04-23,193.9,193.9,188.0,188.5,-1.67,15630453.9,190.13333333333333
218,2023-04-20,189.5,196.0,189.5,191.7,-0.83,21942191.1,192.4
219,2023-04-19,192.0,195.0,191.7,193.3,0.99,14879365.6,193.33333333333334
220,2023-04-18,192.7,193.8,189.0,191.4,1.27,14748524.9,191.4
221,2023-04-17,192.0,192.5,188.8,189.0,-0.47,13395281.1,190.1
222,2023-04-16,190.0,192.6,188.9,189.9,0.48,13863916.1,190.46666666666667
223,2023-04-13,198.2,201.0,188.2,189.0,-2.78,17523901.8,192.73333333333335
224,2023-04-12,185.0,194.8,184.0,194.4,5.94,25483174.4,191.0666666666667
225,2023-04-11,183.0,183.9,180.0,183.5,0.88,10714408.9,182.46666666666667
226,2023-04-10,181.9,182.8,178.1,181.9,0.89,11627328.0,180.9333333333333
227,2023-04-09,182.0,182.0,178.7,180.3,-0.93,32694693.1,180.33333333333334
228,2023-04-06,181.0,183.1,179.7,182.0,0.5,15992882.7,181.6
229,2023-04-05,180.0,182.9,179.0,181.1,0.06,7335531.3,181.0
230,2023-04-04,180.0,183.0,180.0,181.0,-0.55,9019544.2,181.33333333333334
231,2023-04-03,186.5,186.5,180.0,182.0,-0.55,25389542.2,182.83333333333334
232,2023-04-02,189.7,190.0,182.3,183.0,-1.61,15611422.9,185.1
233,2023-03-30,189.0,189.0,184.0,186.0,0.0,9895791.7,186.33333333333334
234,2023-03-29,187.9,187.9,182.1,186.0,0.27,11504262.3,185.33333333333334
235,2023-03-28,185.6,187.9,184.0,185.5,1.92,14131906.4,185.79999999999998
236,2023-03-27,183.1,185.9,182.0,182.0,-1.03,18786690.4,183.29999999999998
237,2023-03-26,188.6,188.6,183.0,183.9,-1.13,14651334.9,185.16666666666666
238,2023-03-23,189.9,189.9,184.0,186.0,-1.01,22201676.0,186.63333333333333
239,2023-03-22,190.0,192.9,186.0,187.9,-0.11,16735324.3,188.9333333333333
240,2023-03-20,189.7,189.9,186.5,188.1,0.59,12327466.1,188.16666666666666
241,2023-03-19,190.0,190.0,186.0,187.0,-0.11,13195057.1,187.66666666666666
242,2023-03-16,188.9,189.0,184.0,187.2,1.08,14798243.5,186.73333333333335
243,2023-03-15,185.1,189.9,184.1,185.2,-0.64,15969680.6,186.4
244,2023-03-14,183.8,189.9,183.8,186.4,-0.59,21362831.0,186.70000000000002
245,2023-03-13,192.0,192.0,187.0,187.5,-1.78,14733871.8,188.83333333333334
246,2023-03-12,195.9,195.9,190.0,190.9,-1.04,15501964.8,192.26666666666665
247,2023-03-09,189.0,194.8,189.0,192.9,2.28,17649462.2,192.23333333333335
248,2023-03-07,189.0,191.9,187.1,188.6,0.11,18423948.0,189.20000000000002
249,2023-03-05,194.0,194.9,188.4,188.4,-1.36,12300273.2,190.5666666666667
250,2023-03-02,193.1,194.2,191.0,191.0,-1.55,14467387.1,192.0666666666667
251,2023-03-01,195.0,199.0,193.1,194.0,-0.61,14156292.1,195.36666666666667
252,2023-02-28,198.0,199.0,194.3,195.2,-0.91,13953531.5,196.16666666666666
253,2023-02-27,197.0,201.0,193.0,197.0,0.92,20128163.2,197.0
254,2023-02-26,200.0,200.0,192.1,195.2,-2.16,28769096.7,195.76666666666665
255,2023-02-23,204.0,204.0,197.0,199.5,-2.21,36644178.6,200.16666666666666
256,2023-02-22,210.0,210.0,199.0,204.0,-3.04,46134891.1,204.33333333333334
257,2023-01-08,211.0,213.9,208.9,210.4,-0.28,36151379.4,211.0666666666667
258,2023-01-05,215.0,216.2,210.0,211.0,-0.47,19027985.6,212.4
259,2023-01-04,212.0,213.0,209.0,212.0,0.95,18242812.1,211.33333333333334
260,2023-01-03,215.0,215.0,207.0,210.0,-0.94,18577583.6,210.66666666666666
261,2023-01-02,212.5,216.0,210.0,212.0,-0.24,7645966.9,212.66666666666666
262,2023-01-01,210.1,217.7,210.1,212.5,-0.65,12693550.2,213.4333333333333
263,2022-12-29,211.0,213.9,207.6,213.9,1.91,24130991.5,211.79999999999998
264,2022-12-28,216.0,217.0,209.0,209.9,-1.92,7954471.8,211.96666666666667
265,2022-12-27,210.1,216.0,210.0,214.0,3.38,22053341.7,213.33333333333334
266,2022-12-26,201.4,207.9,200.1,207.0,4.28,10499940.4,205.0
267,2022-12-22,201.4,201.4,198.0,198.5,0.0,6560404.3,199.29999999999998
268,2022-12-21,201.0,201.0,197.1,198.5,-0.75,5115761.5,198.86666666666667
269,2022-12-20,200.0,201.0,197.1,200.0,0.7,6246748.2,199.36666666666667
270,2022-12-19,202.0,202.0,197.5,198.6,-1.68,13960702.2,199.36666666666667
271,2022-12-18,205.5,205.5,200.0,202.0,-1.7,13359602.3,202.5
272,2022-12-15,208.0,208.9,205.0,205.5,-1.2,8734766.5,206.46666666666667
273,2022-12-14,212.9,213.0,207.5,208.0,-1.89,7714482.6,209.5
274,2022-12-13,214.0,214.5,209.0,212.0,-0.93,5604449.0,211.83333333333334
275,2022-12-12,214.2,214.2,206.0,214.0,-0.09,20467470.0,211.4
276,2022-12-11,221.0,221.0,213.7,214.2,-3.25,19187789.2,216.29999999999998
277,2022-12-07,240.0,240.0,220.0,221.4,-9.29,32112235.0,227.13333333333333
278,2022-06-15,255.5,255.5,250.3,251.4,-2.78,25261364.3,252.4
279,2022-06-14,264.0,265.0,258.0,258.6,-2.42,15313669.2,260.53333333333336
280,2022-06-13,262.2,268.0,262.0,265.0,0.0,13004905.6,265.0
281,2022-06-10,271.3,271.3,262.0,265.0,-0.38,5553387.8,266.09999999999997
282,2022-06-09,272.0,278.0,265.0,266.0,-1.12,12993034.5,269.6666666666667
283,2022-06-08,260.0,272.0,259.1,269.0,3.78,9630708.6,266.7
284,2022-06-07,267.0,267.0,259.0,259.2,-2.92,12604519.5,261.73333333333335
285,2022-06-06,278.0,278.0,264.3,267.0,-3.61,23538373.1,269.76666666666665
286,2022-06-03,281.0,284.0,276.0,277.0,-3.15,20312149.0,279.0
287,2022-06-02,290.0,290.0,285.1,286.0,-0.69,6517396.0,287.03333333333336
288,2022-06-01,288.0,291.0,286.0,288.0,0.0,5973716.6,288.3333333333333
289,2022-05-31,289.0,291.0,283.0,288.0,-0.35,15902156.7,287.3333333333333
290,2022-05-30,298.0,298.0,288.1,289.0,-2.03,6619306.8,291.7
291,2022-05-27,299.8,299.8,295.0,295.0,0.34,5948593.2,296.59999999999997
292,2022-05-26,297.8,297.8,291.0,294.0,0.68,7070782.7,294.26666666666665
293,2022-05-25,297.6,297.6,292.0,292.0,0.07,6362471.2,293.8666666666667
294,2022-05-24,296.0,296.0,288.2,291.8,0.55,9354789.7,292.0
295,2022-05-23,301.4,301.4,290.0,290.2,-1.79,10356594.4,293.8666666666666
296,2022-05-20,298.0,298.0,294.0,295.5,-0.61,5224194.2,295.8333333333333
297,2022-05-19,300.0,301.0,297.0,297.3,-0.23,5063531.4,298.43333333333334
298,2022-05-18,295.0,298.0,294.0,298.0,0.03,7633462.4,296.6666666666667
299,2022-05-17,300.0,305.0,297.1,297.9,-2.68,8649983.6,300.0
300,2022-05-12,315.0,315.0,306.1,306.1,-1.07,9807529.6,309.06666666666666
301,2022-05-11,303.0,309.4,303.0,309.4,3.13,11185891.0,307.26666666666665
302,2022-05-10,295.0,300.0,295.0,300.0,1.69,8399333.9,298.3333333333333
303,2022-05-09,296.8,300.0,295.0,295.0,1.37,12181524.7,296.6666666666667
304,2022-05-08,292.0,297.8,289.0,291.0,-0.34,9387904.9,292.59999999999997
305,2022-05-05,293.0,296.0,290.1,292.0,-1.25,15745270.9,292.7
306,2022-05-04,303.9,303.9,294.0,295.7,-0.77,8779517.6,297.8666666666666
307,2022-05-02,300.0,305.0,297.0,298.0,-0.7,10098365.79,300.0
308,2022-04-28,306.0,306.0,300.0,300.1,0.03,9038696.1,302.03333333333336
309,2022-04-27,300.0,301.0,298.0,300.0,-0.33,7657358.3,299.6666666666667
310,2022-04-26,302.0,305.0,299.7,301.0,-1.38,11985745.3,301.90000000000003
311,2022-04-25,313.0,316.0,303.0,305.2,-1.52,15285467.1,308.06666666666666
312,2022-04-24,304.9,310.1,300.0,309.9,3.65,18054949.1,306.6666666666667
313,2022-04-21,298.0,302.0,295.0,299.0,0.95,14634147.5,298.6666666666667
314,2022-04-20,304.3,304.3,296.1,296.2,-0.74,14413178.0,298.86666666666673
315,2022-04-19,300.0,300.1,289.1,298.4,1.32,14249378.7,295.8666666666667
316,2022-04-18,298.0,302.0,293.0,294.5,-1.51,30912430.7,296.5
317,2022-04-17,305.6,305.6,298.6,299.0,-0.23,9758406.5,301.06666666666666
318,2022-04-13,300.0,302.0,295.3,299.7,0.91,11490260.5,299.0
319,2022-04-12,303.0,303.0,295.0,297.0,-0.37,14498678.3,298.3333333333333
320,2022-04-11,310.0,315.0,298.0,298.1,-2.26,17994480.9,303.7
321,2022-04-07,300.0,308.0,299.0,305.0,2.49,39338504.9,304.0
322,2022-04-06,300.0,304.0,296.5,297.6,-1.46,17114980.3,299.3666666666667
323,2022-04-05,314.2,314.2,298.9,302.0,-1.98,31473750.2,305.0333333333333
324,2022-04-04,315.6,315.6,308.0,308.1,-0.45,16864196.7,310.56666666666666
325,2022-04-03,315.0,315.0,309.1,309.5,-1.75,16640444.5,311.2
326,2022-03-31,318.0,319.5,314.0,315.0,-0.32,9771768.6,316.1666666666667
327,2022-03-30,315.0,316.0,311.5,316.0,0.35,15334763.06,314.5
328,2022-03-29,313.0,316.8,313.0,314.9,-0.03,72671797.5,314.9
329,2022-03-28,315.0,317.0,311.1,315.0,0.29,21636301.4,314.3666666666667
330,2022-03-27,320.0,322.0,313.0,314.1,-1.54,29497320.4,316.3666666666667
331,2022-03-24,321.0,321.0,317.1,319.0,-1.48,21117286.0,319.03333333333336
332,2022-03-23,321.1,325.0,320.1,323.8,-0.06,15835238.9,322.9666666666667
333,2022-03-22,326.0,326.0,320.0,324.0,0.93,21606231.7,323.3333333333333
334,2022-03-21,322.0,322.0,313.8,321.0,1.26,42950430.0,318.93333333333334
335,2022-03-20,323.0,326.0,315.0,317.0,-1.86,40417502.8,319.3333333333333
336,2022-03-16,320.0,326.4,319.9,323.0,-0.62,55739332.6,323.09999999999997
337,2022-03-15,326.2,331.9,322.6,325.0,-0.61,39675589.7,326.5
338,2022-03-14,328.0,334.5,324.5,327.0,-0.3,21097431.9,328.6666666666667
339,2022-03-13,320.0,329.0,318.0,328.0,3.14,63923660.6,325.0
340,2022-03-10,314.0,319.0,309.1,318.0,1.6,22129657.5,315.3666666666667
341,2022-03-09,320.0,320.0,310.0,313.0,-1.26,17340616.4,314.3333333333333
342,2022-03-07,314.0,322.0,314.0,317.0,0.96,17700802.2,317.6666666666667
343,2022-03-06,315.0,318.0,310.0,314.0,0.64,21514091.6,314.0
344,2022-03-02,315.0,319.0,310.0,312.0,-2.19,27641591.8,313.6666666666667
345,2022-02-28,332.0,332.0,318.5,319.0,-2.0,25841281.2,323.1666666666667
346,2022-02-27,321.0,330.0,321.0,325.5,-0.61,25963482.8,325.5
347,2022-02-24,330.0,332.0,325.0,327.5,-1.95,27227401.5,328.1666666666667
348,2022-02-23,338.0,338.0,333.1,334.0,-1.04,10899365.2,335.03333333333336
349,2022-02-22,336.0,341.0,336.0,337.5,1.35,12738733.3,338.1666666666667
350,2022-02-21,330.0,336.0,330.0,333.0,0.6,11022711.5,333.0
351,2022-02-20,331.0,334.5,325.0,331.0,-1.78,16887583.1,330.1666666666667
352,2022-02-17,338.0,340.0,336.0,337.0,0.0,10626558.5,337.6666666666667
353,2022-02-16,345.0,345.0,336.2,337.0,-1.66,11087955.8,339.40000000000003
354,2022-02-15,340.0,342.7,335.0,342.7,1.39,18999895.5,340.1333333333334
355,2022-02-14,338.0,350.0,335.0,338.0,0.0,21600038.1,341.0
356,2022-02-13,345.0,346.0,335.0,338.0,-3.84,36614747.1,339.6666666666667
357,2022-02-10,355.0,358.0,351.0,351.5,-1.65,14251227.9,353.5
358,2022-02-09,361.0,361.0,356.1,357.4,-1.0,22895991.3,358.1666666666667
359,2022-02-08,365.0,375.0,358.7,361.0,0.28,34623595.0,364.90000000000003
360,2022-02-07,358.0,364.0,357.0,360.0,0.28,30407036.2,360.3333333333333
361,2022-02-06,359.0,361.0,355.0,359.0,-1.1,38556760.5,358.3333333333333
362,2022-02-03,370.0,370.0,361.1,363.0,-0.82,37493150.8,364.7
363,2022-02-01,364.0,367.0,360.0,366.0,0.55,37042277.3,364.3333333333333
364,2022-01-31,372.3,372.3,360.1,364.0,-0.27,33230967.6,365.4666666666667
365,2022-01-30,361.5,373.3,361.0,365.0,2.96,55088560.5,366.43333333333334
366,2022-01-27,351.0,356.1,350.2,354.5,0.14,35022626.4,353.59999999999997
367,2022-01-26,364.9,364.9,351.6,354.0,-1.67,43136718.1,356.8333333333333
368,2022-01-25,362.1,365.0,348.0,360.0,1.41,66059013.7,357.6666666666667
369,2022-01-24,371.2,371.2,349.9,355.0,-2.47,114629238.6,358.7
370,2022-01-23,347.8,372.0,347.8,364.0,6.74,169609793.3,361.26666666666665
371,2022-01-20,344.0,344.0,338.0,341.0,-0.55,24696670.6,341.0
372,2022-01-19,346.8,352.0,340.0,342.9,0.85,40382520.7,344.9666666666667
373,2022-01-18,335.0,350.0,334.2,340.0,1.49,55947728.1,341.40000000000003
374,2022-01-17,335.0,338.0,331.2,335.0,0.93,41510315.3,334.73333333333335
375,2022-01-16,328.0,338.0,328.0,331.9,1.81,62662712.9,332.6333333333333
376,2022-01-13,320.0,326.0,320.0,326.0,1.56,21168651.4,324.0
377,2022-01-12,326.0,331.0,321.0,321.0,-1.53,28950262.6,324.3333333333333
378,2022-01-11,327.0,330.0,324.0,326.0,-0.31,32122798.8,326.6666666666667
379,2022-01-10,333.4,338.0,325.0,327.0,-1.51,42138686.8,330.0
380,2022-01-09,334.9,337.0,329.9,332.0,0.61,47520922.4,332.96666666666664
381,2022-01-06,320.0,332.0,315.0,330.0,3.09,30792775.6,325.6666666666667
382,2022-01-05,326.0,331.0,317.0,320.1,-1.81,47039324.3,322.7
383,2022-01-04,302.0,326.0,300.0,326.0,8.59,59970602.7,317.3333333333333
384,2022-01-03,306.0,306.0,300.0,300.2,0.07,24460931.9,302.06666666666666
385,2022-01-02,304.8,304.8,298.0,300.0,0.37,15330971.4,300.93333333333334
386,2021-12-29,298.0,300.0,296.0,298.9,0.3,11828795.9,298.3
387,2021-12-28,302.0,302.0,295.9,298.0,-1.29,12711595.7,298.6333333333333
388,2021-12-27,311.0,311.0,300.0,301.9,-1.66,21659104.15,304.3
389,2021-12-26,306.0,308.0,305.0,307.0,1.32,21152439.9,306.6666666666667
390,2021-12-23,307.0,307.0,301.0,303.0,0.66,16058181.2,303.6666666666667
391,2021-12-22,303.9,304.8,299.0,301.0,1.01,26676734.7,301.59999999999997
392,2021-12-21,295.0,300.0,295.0,298.0,1.02,13410230.7,297.6666666666667
393,2021-12-20,303.4,303.4,294.0,295.0,-0.84,12100727.6,297.46666666666664
394,2021-12-16,300.0,302.0,295.0,297.5,-0.17,13687342.8,298.1666666666667
395,2021-12-15,300.0,317.0,295.0,298.0,1.02,32968408.2,303.3333333333333
396,2021-12-14,288.0,295.0,286.3,295.0,4.42,10613676.5,292.09999999999997
397,2021-12-13,285.0,285.0,275.0,282.5,-1.22,30646568.5,280.8333333333333
398,2021-12-12,298.0,299.0,284.1,286.0,-3.87,35921815.7,289.7
399,2021-12-09,297.0,305.0,295.0,297.5,0.17,17565808.0,299.1666666666667
400,2021-12-08,305.0,308.0,297.0,297.0,-1.98,14609785.8,300.6666666666667
401,2021-12-07,306.0,315.0,302.0,303.0,0.33,29317746.3,306.6666666666667
402,2021-12-06,301.0,306.0,289.0,302.0,-0.66,47941763.4,299.0
403,2021-12-05,310.0,312.0,300.0,304.0,-1.94,24696498.6,305.3333333333333
404,2021-12-02,318.0,320.0,307.0,310.0,-1.62,24507694.7,312.3333333333333
405,2021-12-01,315.0,320.0,315.0,315.1,-0.44,21110159.7,316.7
406,2021-11-30,325.0,330.0,313.0,316.5,-2.28,19440183.5,319.8333333333333
407,2021-11-29,332.0,332.0,318.0,323.9,-2.44,22486085.9,324.6333333333333
408,2021-11-28,368.0,372.0,364.0,365.2,-0.76,82368389.6,367.06666666666666
409,2021-11-25,370.0,370.0,365.5,368.0,0.27,23221599.2,367.8333333333333
410,2021-11-24,380.0,380.0,363.0,367.0,-1.61,26865176.4,370.0
411,2021-11-23,377.0,379.0,372.0,373.0,-1.06,21770375.2,374.6666666666667
412,2021-11-22,380.0,380.0,375.2,377.0,0.08,15232663.4,377.40000000000003
413,2021-11-21,378.0,378.0,373.0,376.7,1.54,22248299.2,375.90000000000003
414,2021-11-18,370.0,377.0,370.0,371.0,-1.2,16842182.2,372.6666666666667
415,2021-11-17,372.5,380.0,372.5,375.5,0.81,17024613.9,376.0
416,2021-11-16,372.0,373.0,370.0,372.5,0.68,24762122.6,371.8333333333333
417,2021-11-15,372.0,375.5,369.0,370.0,0.3,13124361.9,371.5
418,2021-11-14,375.0,375.0,368.0,368.9,-1.63,18606822.6,370.6333333333334
419,2021-11-11,380.0,382.0,373.0,375.0,-1.32,29017408.7,376.6666666666667
420,2021-11-09,386.0,387.0,378.0,380.0,-2.26,22997375.4,381.6666666666667
421,2021-11-08,395.0,395.0,388.0,388.8,-0.08,12750686.5,390.59999999999997
422,2021-11-03,393.0,393.8,388.0,389.1,-0.15,22440884.1,390.3
423,2021-11-02,392.0,396.0,387.0,389.7,-0.43,17227319.5,390.90000000000003
424,2021-11-01,397.8,403.0,389.0,391.4,0.36,29085155.5,394.4666666666667
425,2021-10-31,396.0,398.0,388.1,390.0,-1.07,41323741.3,392.0333333333333
426,2021-10-28,399.1,400.0,392.0,394.2,-0.71,20673106.1,395.40000000000003
427,2021-10-27,392.7,403.0,392.7,397.0,-0.5,33661433.2,397.56666666666666
428,2021-10-26,389.9,402.0,389.0,399.0,3.64,32249494.3,396.6666666666667
429,2021-10-25,375.0,385.0,374.0,385.0,2.94,20428515.8,381.3333333333333
430,2021-10-24,378.0,379.0,371.0,374.0,0.13,19710141.8,374.6666666666667
431,2021-10-21,381.0,385.0,373.4,373.5,-1.71,26342685.9,377.3
432,2021-10-20,380.4,388.0,375.0,380.0,1.88,29542343.4,381.0
433,2021-10-19,388.0,388.0,363.0,373.0,-4.09,53604511.6,374.6666666666667
434,2021-10-18,399.5,399.5,385.0,388.9,-2.65,33874922.8,391.1333333333334
435,2021-10-17,405.0,409.0,395.2,399.5,-0.5,24012049.3,401.23333333333335
436,2021-10-11,406.7,406.7,390.7,401.5,-3.25,71703001.7,399.6333333333334
437,2021-10-10,420.0,424.9,413.0,415.0,0.73,29527691.2,417.6333333333334
438,2021-10-06,407.0,423.0,407.0,412.0,2.49,27230279.9,414.0
439,2021-10-05,397.0,404.6,397.0,402.0,1.31,19378690.1,401.2
440,2021-10-04,400.0,403.0,393.9,396.8,-1.27,43157606.9,397.90000000000003
441,2021-10-03,408.0,410.0,400.0,401.9,-1.5,34058181.6,403.9666666666667
442,2021-09-30,412.0,418.0,402.0,408.0,-0.73,28769664.9,409.3333333333333
443,2021-09-29,416.9,416.9,400.0,411.0,0.54,40534594.3,409.3
444,2021-09-28,420.0,425.0,405.0,408.8,-3.36,73058131.8,412.93333333333334
445,2021-09-27,446.0,446.0,421.0,423.0,-3.31,47882569.1,430.0
446,2021-09-26,450.0,458.8,437.3,437.5,-1.24,58223117.1,444.5333333333333
447,2021-09-23,437.5,461.0,436.0,443.0,3.26,89671007.4,446.6666666666667
448,2021-09-22,415.0,429.0,415.0,429.0,4.15,40979855.7,424.3333333333333
449,2021-09-21,410.0,421.0,395.1,411.9,0.46,70273620.4,409.3333333333333
450,2021-09-20,425.4,426.0,409.0,410.0,-3.76,81843893.0,415.0
451,2021-09-16,430.0,435.0,422.0,426.0,-1.84,85342362.0,427.6666666666667
452,2021-09-15,443.0,443.0,433.5,434.0,-1.16,41497645.9,436.8333333333333
453,2021-09-14,443.0,444.0,437.0,439.1,-0.66,48354347.9,440.0333333333333
454,2021-09-13,445.0,447.0,438.3,442.0,0.45,53572305.8,442.43333333333334
455,2021-09-12,440.5,444.0,437.0,440.0,0.76,47965076.6,440.3333333333333
456,2021-09-09,440.0,442.9,432.0,436.7,0.51,65493323.4,437.2
457,2021-09-08,444.0,445.0,429.0,434.5,-2.58,107265099.7,436.1666666666667
458,2021-09-07,459.0,464.9,444.0,446.0,-0.89,80362863.0,451.6333333333334
459,2021-09-06,431.6,450.0,427.0,450.0,4.26,74490794.6,442.3333333333333
460,2021-09-05,444.0,447.0,424.0,431.6,-2.79,99964335.1,434.2
461,2021-09-02,457.0,457.0,442.0,444.0,-1.33,58989825.8,447.6666666666667
462,2021-09-01,445.0,457.0,444.3,450.0,1.12,78130050.6,450.43333333333334
463,2021-08-31,450.1,458.0,439.1,445.0,-0.65,95526788.8,447.3666666666666
464,2021-08-29,461.0,462.0,447.9,447.9,-2.42,99283830.2,452.59999999999997
465,2021-08-26,465.0,472.0,455.0,459.0,-0.86,116701679.6,462.0
466,2021-08-25,465.0,474.0,460.0,463.0,-1.91,73206722.7,465.6666666666667
467,2021-08-24,480.0,485.0,472.0,472.0,-1.15,74975084.0,476.3333333333333
468,2021-08-19,485.0,490.0,477.0,477.5,-1.42,108766815.2,481.5
469,2021-08-18,486.0,490.0,478.0,484.4,-0.47,117964911.4,484.1333333333334
470,2021-08-17,503.2,503.2,485.0,486.7,-1.36,136019661.1,491.6333333333334
471,2021-08-16,497.2,503.0,489.0,493.4,1.21,217913865.1,495.1333333333334
472,2021-08-15,484.0,502.0,479.0,487.5,0.72,193847803.8,489.5
473,2021-08-12,485.0,489.0,482.0,484.0,-0.21,93797344.6,485.0
474,2021-08-11,493.5,497.6,483.0,485.0,-0.61,71678980.3,488.5333333333333
475,2021-08-10,480.0,493.0,478.1,488.0,1.67,136073859.9,486.3666666666666
476,2021-08-09,485.0,485.0,478.1,480.0,-0.41,97464139.7,481.0333333333333
477,2021-08-08,490.0,490.0,480.1,482.0,-0.21,87760347.2,484.0333333333333
478,2021-08-05,484.0,487.0,480.2,483.0,0.21,71186696.8,483.40000000000003
479,2021-08-04,485.5,485.5,480.1,482.0,0.08,80257840.6,482.5333333333333
480,2021-08-03,488.0,488.0,480.0,481.6,-0.48,72760498.3,483.2
481,2021-08-02,490.0,490.0,481.0,483.9,-0.12,77287640.4,484.9666666666667
482,2021-08-01,490.0,492.0,483.0,484.5,-0.19,92858147.2,486.5
483,2021-07-29,498.7,498.7,482.1,485.4,-0.74,111778799.3,488.7333333333333
484,2021-07-28,499.0,499.0,485.1,489.0,-0.81,106656742.0,491.0333333333333
485,2021-07-27,485.0,495.0,470.4,493.0,-0.18,223379185.8,486.1333333333334
486,2021-07-26,505.0,510.0,492.0,493.9,-1.22,302486137.9,498.6333333333334
487,2021-07-25,485.0,503.0,485.0,500.0,5.04,494439003.1,496.0
488,2021-07-22,477.0,478.0,467.1,476.0,1.28,187141855.7,473.7
489,2021-07-20,470.0,476.0,463.0,470.0,0.0,102201531.1,469.6666666666667
490,2021-07-19,468.0,479.5,464.0,470.0,2.33,243238955.9,471.1666666666667
491,2021-07-18,448.0,460.0,445.0,459.3,4.15,125295013.5,454.76666666666665
492,2021-07-15,445.0,446.0,439.0,441.0,0.23,57510355.0,442.0
493,2021-07-14,448.0,448.0,440.0,440.0,-0.68,38326238.0,442.6666666666667
494,2021-07-13,440.0,446.0,438.0,443.0,0.23,42543447.0,442.3333333333333
495,2021-07-12,455.0,455.0,438.0,442.0,-1.34,80335314.0,445.0
496,2021-07-11,440.0,448.0,440.0,448.0,2.52,68459679.0,445.3333333333333
497,2021-07-08,435.0,438.0,434.0,437.0,0.46,53993803.0,436.3333333333333
498,2021-07-07,417.0,441.0,417.0,435.0,0.0,43024491.0,431.0
499,2021-07-06,435.0,438.0,434.0,435.0,0.0,33322269.0,435.6666666666667
500,2021-07-05,436.0,438.0,434.0,435.0,0.0,42081450.0,435.6666666666667
501,2021-07-04,436.0,440.0,434.0,435.0,-0.23,54128688.0,436.3333333333333
502,2021-07-01,440.0,444.0,436.0,436.0,0.0,37206137.0,438.6666666666667
503,2021-06-30,459.0,459.0,433.0,436.0,-0.46,47863865.0,442.6666666666667
504,2021-06-29,460.0,460.0,436.0,438.0,-1.13,56427275.0,444.6666666666667
505,2021-06-28,460.0,460.0,441.0,443.0,0.91,58092406.0,448.0
506,2021-06-27,436.0,444.0,433.0,439.0,0.92,99798770.0,438.6666666666667
507,2021-06-24,440.0,442.0,433.0,435.0,-0.68,64274284.0,436.6666666666667
508,2021-06-23,444.0,450.0,437.0,438.0,-1.35,65055340.0,441.6666666666667
509,2021-06-22,434.0,445.0,432.0,444.0,2.07,102913345.0,440.3333333333333
510,2021-06-21,445.0,448.0,435.0,435.0,-1.81,113597621.0,439.3333333333333
511,2021-06-20,471.0,471.0,439.0,443.0,-1.34,189332699.0,451.0
512,2021-06-17,453.0,458.0,447.0,449.0,-0.88,128116133.0,451.3333333333333
513,2021-06-16,455.0,463.0,450.0,453.0,-0.66,111234657.0,455.3333333333333
514,2021-06-15,460.0,465.0,455.0,456.0,0.0,217752643.0,458.6666666666667
515,2021-06-14,445.0,463.0,445.0,456.0,2.01,244785620.0,454.6666666666667
516,2021-06-13,452.0,452.0,444.0,447.0,-0.22,144032758.0,447.6666666666667
517,2021-06-10,454.0,460.0,447.0,448.0,-1.32,131021051.0,451.6666666666667
518,2021-06-09,460.0,463.0,450.0,454.0,-0.87,110484227.0,455.6666666666667
519,2021-06-08,460.0,460.0,451.0,458.0,0.44,166770813.0,456.3333333333333
520,2021-06-07,472.0,474.0,452.0,456.0,-1.94,195632646.0,460.6666666666667
521,2021-06-06,455.0,478.0,455.0,465.0,3.33,360983649.0,466.0
522,2021-06-03,439.0,457.0,439.0,450.0,2.74,200712643.0,448.6666666666667
523,2021-06-02,440.0,443.0,435.0,438.0,0.0,63652284.0,438.6666666666667
524,2021-06-01,443.0,443.0,436.0,438.0,-0.9,69128956.0,439.0
525,2021-05-31,450.0,452.0,440.0,442.0,-1.12,89223503.0,444.6666666666667
526,2021-05-30,447.0,451.0,441.0,447.0,0.9,124272271.0,446.3333333333333
527,2021-05-27,445.0,449.0,436.0,443.0,-1.12,116809125.0,442.6666666666667
528,2021-05-25,465.0,465.0,444.0,448.0,-1.32,91132381.0,452.3333333333333
529,2021-05-24,450.0,460.0,449.0,454.0,1.79,203185357.0,454.3333333333333
530,2021-05-23,439.0,446.0,429.0,446.0,1.36,112469683.0,440.3333333333333
531,2021-05-20,445.0,445.0,439.0,440.0,0.46,76364673.0,441.3333333333333
532,2021-05-19,436.0,448.0,436.0,438.0,0.46,90549939.0,440.6666666666667
533,2021-05-18,440.0,440.0,433.0,436.0,0.0,88099465.0,436.3333333333333
534,2021-05-17,445.0,445.0,434.0,436.0,0.23,77517874.0,438.3333333333333
535,2021-05-16,430.0,436.0,428.0,435.0,1.64,79205464.0,433.0
536,2021-05-13,448.0,448.0,426.0,428.0,0.23,57065897.0,434.0
537,2021-05-12,434.0,434.0,425.0,427.0,-0.47,31277844.0,428.6666666666667
538,2021-05-11,428.0,431.0,426.0,429.0,0.23,36464251.0,428.6666666666667
539,2021-05-10,424.0,428.0,421.0,428.0,0.94,34879517.0,425.6666666666667
540,2021-05-09,425.0,430.0,421.0,424.0,-0.24,59792490.0,425.0
541,2021-05-06,430.0,434.0,421.0,425.0,-0.23,73825240.0,426.6666666666667
542,2021-05-05,426.0,433.0,424.0,426.0,-0.23,46880111.0,427.6666666666667
543,2021-05-04,429.0,435.0,425.0,427.0,-0.47,57181570.0,429.0
544,2021-05-03,434.0,440.0,427.0,429.0,-0.69,82800310.0,432.0
545,2021-05-02,430.0,432.0,425.0,432.0,1.17,117878434.0,429.6666666666667
546,2021-04-29,434.0,434.0,424.0,427.0,0.23,60463259.0,428.3333333333333
547,2021-04-28,449.0,449.0,423.0,426.0,-0.47,108205264.0,432.6666666666667
548,2021-04-27,402.0,429.0,402.0,428.0,3.13,81383768.0,419.6666666666667
549,2021-04-26,428.0,429.0,415.0,415.0,-3.04,123488490.0,419.6666666666667
550,2021-04-25,439.0,440.0,424.0,428.0,-2.51,113492684.0,430.6666666666667
551,2021-04-22,440.0,440.0,431.0,439.0,0.23,100298429.0,436.6666666666667
552,2021-04-21,442.0,445.0,435.0,438.0,-1.13,85237781.0,439.3333333333333
553,2021-04-20,465.0,465.0,438.0,443.0,-0.45,70009221.0,448.6666666666667
554,2021-04-19,450.0,456.0,441.0,445.0,-1.11,152720465.0,447.3333333333333
555,2021-04-18,483.0,483.0,449.0,450.0,-2.17,185772967.0,460.6666666666667
556,2021-04-15,450.0,465.0,450.0,460.0,2.22,201836014.0,458.3333333333333
557,2021-04-13,430.0,450.0,430.0,450.0,1.58,136758801.0,443.3333333333333
558,2021-04-12,443.0,450.0,442.0,443.0,0.0,88836316.0,445.0
559,2021-04-08,422.0,449.0,422.0,443.0,0.0,75280074.0,438.0
560,2021-04-07,465.0,465.0,440.0,443.0,0.0,70438654.0,449.3333333333333
561,2021-04-06,444.0,446.0,439.0,443.0,0.0,80365568.0,442.6666666666667
562,2021-04-05,455.0,455.0,441.0,443.0,-1.12,105534877.0,446.3333333333333
563,2021-04-04,444.0,450.0,440.0,448.0,2.52,148241384.0,446.0
564,2021-04-01,440.0,444.0,434.0,437.0,-0.23,75952685.0,438.3333333333333
565,2021-03-31,428.0,439.0,425.0,438.0,3.06,110675667.0,434.0
566,2021-03-30,430.0,430.0,422.0,425.0,0.24,68967002.0,425.6666666666667
567,2021-03-29,431.0,431.0,423.0,424.0,-0.93,57832509.0,426.0
568,2021-03-25,432.0,435.0,427.0,428.0,-0.47,79321405.0,430.0
569,2021-03-24,430.0,436.0,429.0,430.0,0.23,88990493.0,431.6666666666667
570,2021-03-23,453.0,453.0,427.0,429.0,-0.69,66351570.0,436.3333333333333
571,2021-03-22,459.0,459.0,430.0,432.0,-1.37,70899356.0,440.3333333333333
572,2021-03-21,455.0,455.0,428.0,438.0,0.92,84174337.0,440.3333333333333
573,2021-03-18,450.0,450.0,425.0,434.0,1.17,72623943.0,436.3333333333333
574,2021-03-17,428.0,430.0,420.0,429.0,1.9,73865146.0,426.3333333333333
575,2021-03-16,441.0,441.0,418.0,421.0,0.24,78250977.0,426.6666666666667
576,2021-03-15,431.0,431.0,415.0,420.0,-1.87,100067541.0,422.0
577,2021-03-14,462.0,462.0,426.0,428.0,-2.95,161104486.0,438.6666666666667
578,2021-03-10,447.0,452.0,432.0,441.0,-1.34,66073434.0,441.6666666666667
579,2021-03-09,485.0,485.0,442.0,447.0,-3.25,108923424.0,458.0
580,2021-03-07,453.0,462.0,434.0,462.0,3.82,171353870.0,452.6666666666667
581,2021-03-04,430.0,466.0,430.0,445.0,3.73,174499283.0,447.0
582,2021-03-03,440.0,440.0,421.0,429.0,-2.05,183146795.0,430.0
583,2021-03-02,454.0,456.0,434.0,438.0,-2.23,159071122.0,442.6666666666667
584,2021-03-01,438.0,451.0,427.0,448.0,2.28,230476988.0,442.0
585,2021-02-28,464.0,473.0,435.0,438.0,-5.6,340075245.0,448.6666666666667
586,2021-02-25,485.0,485.0,460.0,464.0,-2.93,173090921.0,469.6666666666667
587,2021-02-24,485.0,487.0,472.0,478.0,0.84,204002985.0,479.0
588,2021-02-23,487.0,487.0,460.0,474.0,-1.86,296292058.0,473.6666666666667
589,2021-02-22,480.0,483.0,465.0,483.0,1.68,295917320.0,477.0
590,2021-02-21,490.0,499.0,470.0,475.0,-2.26,312254212.0,481.3333333333333
591,2021-02-18,512.0,522.0,485.0,486.0,-2.8,269651697.0,497.6666666666667
592,2021-02-17,500.0,506.0,485.0,500.0,0.4,360999751.0,497.0
593,2021-02-16,499.0,506.0,484.0,498.0,4.62,425071916.0,496.0
594,2021-02-15,448.0,477.0,448.0,476.0,7.94,469024483.0,467.0
595,2021-02-14,455.0,460.0,434.0,441.0,-2.43,192977356.0,445.0
596,2021-02-11,455.0,464.0,449.0,452.0,0.89,278227721.0,455.0
597,2021-02-10,425.0,456.0,415.0,448.0,5.91,521725188.0,439.6666666666667
598,2021-02-09,420.0,432.0,416.0,423.0,2.17,294568722.0,423.6666666666667
599,2021-02-08,405.0,420.0,400.0,414.0,3.5,294232772.0,411.3333333333333
600,2021-02-07,408.0,410.0,396.0,400.0,0.0,294607343.0,402.0
601,2021-02-04,400.0,405.0,393.0,400.0,0.0,205622752.0,399.3333333333333
602,2021-02-03,391.0,416.0,389.0,400.0,4.99,608011040.0,401.6666666666667
603,2021-02-02,350.0,382.0,350.0,381.0,9.48,536348909.0,371.0
604,2021-02-01,330.0,351.0,330.0,348.0,4.19,153275118.0,343.0
605,2021-01-31,341.0,344.0,333.0,334.0,-2.05,71798850.0,337.0
606,2021-01-28,350.0,350.0,336.0,341.0,2.1,196499331.0,342.3333333333333
607,2021-01-27,339.0,339.0,333.0,334.0,-0.6,54127411.0,335.3333333333333
608,2021-01-26,353.0,353.0,334.0,336.0,-0.3,64711336.0,341.0
609,2021-01-25,351.0,351.0,333.0,337.0,0.6,87333966.0,340.3333333333333
610,2021-01-24,335.0,340.0,332.0,335.0,0.9,71938898.0,335.6666666666667
611,2021-01-21,335.0,335.0,330.0,332.0,-0.3,69953682.0,332.3333333333333
612,2021-01-20,350.0,350.0,328.0,333.0,-0.3,49850770.0,337.0
613,2021-01-19,350.0,350.0,333.0,334.0,-0.6,72331020.0,339.0
614,2021-01-18,338.0,339.0,335.0,336.0,0.0,74346847.0,336.6666666666667
615,2021-01-17,345.0,345.0,334.0,336.0,-0.88,84002176.0,338.3333333333333
616,2021-01-13,345.0,345.0,338.0,339.0,-0.29,65295700.0,340.6666666666667
617,2021-01-12,345.0,345.0,334.0,340.0,0.59,56230439.0,339.6666666666667
618,2021-01-11,335.0,345.0,333.0,338.0,3.05,146826018.0,338.6666666666667
619,2021-01-10,321.0,329.0,317.0,328.0,4.13,141110287.0,324.6666666666667
620,2021-01-07,315.0,318.0,313.0,315.0,0.0,58700594.0,315.3333333333333
621,2021-01-06,315.0,317.0,312.0,315.0,0.32,40556252.0,314.6666666666667
622,2021-01-05,320.0,322.0,312.0,314.0,-1.26,35733751.0,316.0
623,2021-01-04,325.0,330.0,315.0,318.0,-0.63,59460791.0,321.0
624,2021-01-03,312.0,320.0,309.0,320.0,3.56,83468436.0,316.3333333333333
625,2020-12-31,308.0,312.0,302.0,309.0,0.98,87723080.0,307.6666666666667
626,2020-12-30,310.0,310.0,300.0,306.0,-0.33,88235285.0,305.3333333333333
627,2020-12-29,359.0,359.0,347.0,350.0,-0.85,235087705.0,352.0
628,2020-12-28,354.0,360.0,347.0,353.0,0.28,127433862.0,353.3333333333333
629,2020-12-27,360.0,360.0,351.0,352.0,-1.95,154655019.0,354.3333333333333
630,2020-12-24,350.0,359.0,347.0,359.0,3.16,131907615.0,355.0
631,2020-12-23,360.0,360.0,347.0,348.0,1.46,115623188.0,351.6666666666667
632,2020-12-22,347.0,347.0,337.0,343.0,3.0,100042558.0,342.3333333333333
633,2020-12-21,320.0,337.0,307.0,333.0,2.15,130854337.0,325.6666666666667
634,2020-12-20,340.0,340.0,325.0,326.0,-3.83,102976797.0,330.3333333333333
635,2020-12-17,342.0,344.0,338.0,339.0,-0.88,54159039.0,340.3333333333333
636,2020-12-16,340.0,342.0,337.0,342.0,0.88,53595496.0,340.3333333333333
637,2020-12-15,358.0,358.0,338.0,339.0,-0.59,70176992.0,345.0
638,2020-12-14,352.0,352.0,337.0,341.0,1.49,69538171.0,343.3333333333333
639,2020-12-13,329.0,339.0,329.0,336.0,2.13,57135095.0,334.6666666666667
640,2020-12-10,331.0,334.0,325.0,329.0,-0.3,57586153.0,329.3333333333333
641,2020-12-09,337.0,339.0,328.0,330.0,-2.65,84355281.0,332.3333333333333
642,2020-12-08,355.0,355.0,335.0,339.0,0.0,71330489.0,343.0
643,2020-12-07,329.0,345.0,322.0,339.0,3.04,104262436.0,335.3333333333333
644,2020-12-06,345.0,352.0,328.0,329.0,-4.64,118738325.0,336.3333333333333
645,2020-12-03,357.0,367.0,344.0,345.0,-2.27,119111852.0,352.0
646,2020-12-02,355.0,358.0,348.0,353.0,1.15,102728226.0,353.0
647,2020-12-01,367.0,369.0,339.0,349.0,-3.06,134012202.0,352.3333333333333
648,2020-11-30,366.0,383.0,355.0,360.0,3.15,270232213.0,366.0
649,2020-11-29,320.0,349.0,320.0,349.0,9.75,279582876.0,339.3333333333333
650,2020-11-26,314.0,320.0,312.0,318.0,1.92,101432340.0,316.6666666666667
651,2020-11-25,313.0,313.0,308.0,312.0,1.63,68153629.0,311.0
652,2020-11-24,309.0,312.0,307.0,307.0,-0.32,58973281.0,308.6666666666667
653,2020-11-23,304.0,310.0,304.0,308.0,1.32,78155981.0,307.3333333333333
654,2020-11-22,305.0,309.0,301.0,304.0,1.33,98931321.0,304.6666666666667
655,2020-11-19,314.0,314.0,299.0,300.0,0.0,77427406.0,304.3333333333333
656,2020-11-18,300.0,301.0,297.0,300.0,1.69,78324948.0,299.3333333333333
657,2020-11-12,300.0,300.0,293.0,295.0,0.68,74751975.0,296.0
658,2020-11-11,294.0,295.0,292.0,293.0,0.0,43753195.0,293.3333333333333
659,2020-11-10,295.0,295.0,292.0,293.0,0.0,33814794.0,293.3333333333333
660,2020-11-09,292.0,295.0,292.0,293.0,-0.34,41521235.0,293.3333333333333
661,2020-11-08,294.0,295.0,292.0,294.0,0.68,49391150.0,293.6666666666667
662,2020-11-05,294.0,295.0,291.0,292.0,-0.34,40988852.0,292.6666666666667
663,2020-11-04,308.0,308.0,291.0,293.0,-0.34,24754439.0,297.3333333333333
664,2020-11-03,278.0,297.0,278.0,294.0,1.03,31737217.0,289.6666666666667
665,2020-11-02,283.0,297.0,283.0,291.0,-2.02,68439301.0,290.3333333333333
666,2020-11-01,305.0,305.0,294.0,297.0,-0.67,90325089.0,298.6666666666667
667,2020-10-29,305.0,307.0,297.0,299.0,-0.66,120910938.0,301.0
668,2020-10-28,302.0,302.0,297.0,301.0,4.51,206544550.0,300.0
669,2020-10-22,290.0,290.0,284.0,288.0,2.13,75588615.0,287.3333333333333
670,2020-10-21,280.0,282.0,277.0,282.0,2.17,45335472.0,280.3333333333333
671,2020-10-20,277.0,278.0,274.0,276.0,0.36,11717336.0,276.0
672,2020-10-19,274.0,275.0,272.0,275.0,1.1,13726432.0,274.0
673,2020-10-18,275.0,281.0,271.0,272.0,0.0,13893115.0,274.6666666666667
674,2020-10-15,274.0,275.0,271.0,272.0,0.37,21874271.0,272.6666666666667
675,2020-10-14,285.0,285.0,271.0,271.0,-0.37,16190379.0,275.6666666666667
676,2020-10-13,277.0,277.0,272.0,272.0,0.0,18677066.0,273.6666666666667
677,2020-10-12,269.0,274.0,269.0,272.0,0.37,29229027.0,271.6666666666667
678,2020-10-11,270.0,279.0,270.0,271.0,-1.45,25544214.0,273.3333333333333
679,2020-10-08,276.0,279.0,273.0,275.0,-0.36,39054443.0,275.6666666666667
680,2020-10-07,277.0,277.0,274.0,276.0,0.36,40563822.0,275.6666666666667
681,2020-10-06,279.0,279.0,275.0,275.0,-0.72,19752555.0,276.3333333333333
682,2020-10-05,281.0,283.0,276.0,277.0,-0.72,30519818.0,278.6666666666667
683,2020-10-04,277.0,285.0,274.0,279.0,2.57,54836852.0,279.3333333333333
684,2020-10-01,272.0,272.0,265.0,272.0,2.64,28860825.0,269.6666666666667
685,2020-09-30,270.0,270.0,264.0,265.0,-1.12,18918284.0,266.3333333333333
686,2020-09-29,270.0,270.0,267.0,268.0,-0.74,13667634.0,268.3333333333333
687,2020-09-28,268.0,274.0,268.0,270.0,-0.37,23898301.0,270.6666666666667
688,2020-09-27,280.0,280.0,268.0,271.0,0.74,26321592.0,273.0
689,2020-09-24,269.0,270.0,266.0,269.0,0.0,16506871.0,268.3333333333333
690,2020-09-23,268.0,270.0,265.0,269.0,0.0,19363837.0,268.0
691,2020-09-22,274.0,275.0,268.0,269.0,-1.82,31548906.0,270.6666666666667
692,2020-09-21,273.0,276.0,268.0,274.0,0.74,45704613.0,272.6666666666667
693,2020-09-20,282.0,282.0,269.0,272.0,1.12,46854146.0,274.3333333333333
694,2020-09-17,274.0,274.0,263.0,269.0,2.28,54161769.0,268.6666666666667
695,2020-09-16,265.0,265.0,259.0,263.0,-0.75,14384986.0,262.3333333333333
696,2020-09-15,265.0,269.0,263.0,265.0,0.38,25131490.0,265.6666666666667
697,2020-09-14,263.0,266.0,260.0,264.0,0.38,57984957.0,263.3333333333333
698,2020-09-13,264.0,267.0,260.0,263.0,0.0,20227597.0,263.3333333333333
699,2020-09-10,265.0,268.0,260.0,263.0,1.15,11635840.0,263.6666666666667
700,2020-09-09,260.0,263.0,259.0,260.0,0.0,20156489.0,260.6666666666667
701,2020-09-08,270.0,270.0,259.0,260.0,-1.14,16584811.0,263.0
702,2020-09-07,268.0,269.0,260.0,263.0,-1.13,25205664.0,264.0
703,2020-09-06,278.0,278.0,265.0,266.0,0.38,53935605.0,269.6666666666667
704,2020-09-03,270.0,274.0,261.0,265.0,0.38,49256670.0,266.6666666666667
705,2020-09-02,265.0,265.0,258.0,264.0,3.53,51812463.0,262.3333333333333
706,2020-08-31,256.0,256.0,253.0,255.0,0.39,32703287.0,254.66666666666666
707,2020-08-30,257.0,257.0,252.0,254.0,-0.78,21340543.0,254.33333333333334
708,2020-08-27,263.0,263.0,255.0,256.0,-0.78,20918860.0,258.0
709,2020-08-26,255.0,258.0,253.0,258.0,1.98,29990367.0,256.3333333333333
710,2020-08-25,256.0,256.0,251.0,253.0,0.4,27853187.0,253.33333333333334
711,2020-08-24,256.0,256.0,247.0,252.0,0.0,118026963.0,251.66666666666666
712,2020-08-23,254.0,254.0,250.0,252.0,0.4,10460156.0,252.0
713,2020-08-20,254.0,254.0,250.0,251.0,0.0,10302107.0,251.66666666666666
714,2020-08-19,256.0,256.0,249.0,251.0,-1.18,26595955.0,252.0
715,2020-08-18,254.0,256.0,250.0,254.0,0.4,47409922.0,253.33333333333334
716,2020-08-17,252.0,254.0,250.0,253.0,0.4,39253718.0,252.33333333333334
717,2020-08-16,254.0,254.0,246.0,252.0,-0.79,25429647.0,250.66666666666666
718,2020-08-13,258.0,258.0,252.0,254.0,-0.78,16337775.0,254.66666666666666
719,2020-08-12,255.0,259.0,255.0,256.0,-0.39,10881918.0,256.6666666666667
720,2020-08-11,260.0,265.0,256.0,257.0,0.39,18480244.0,259.3333333333333
721,2020-08-10,245.0,258.0,245.0,256.0,2.4,20255520.0,253.0
722,2020-08-09,247.0,250.0,243.0,250.0,1.21,15045858.0,247.66666666666666
723,2020-08-06,249.0,249.0,243.0,247.0,0.0,18466668.0,246.33333333333334
724,2020-08-05,255.0,255.0,246.0,247.0,-1.59,19583172.0,249.33333333333334
725,2020-08-03,250.0,257.0,244.0,251.0,0.4,19127658.0,250.66666666666666
726,2020-08-02,259.0,259.0,250.0,250.0,-3.47,31358240.0,253.0
727,2020-07-30,264.0,264.0,256.0,259.0,0.0,20750772.0,259.6666666666667
728,2020-07-29,263.0,264.0,258.0,259.0,-1.15,20547752.0,260.3333333333333
729,2020-07-28,266.0,271.0,262.0,262.0,-1.87,20804540.0,265.0
730,2020-07-27,269.0,270.0,263.0,267.0,0.0,22818286.0,266.6666666666667
731,2020-07-26,268.0,270.0,261.0,267.0,1.52,19624996.0,266.0
732,2020-07-23,259.0,265.0,258.0,263.0,0.38,15318593.0,262.0
733,2020-07-22,272.0,275.0,260.0,262.0,-3.32,25900608.0,265.6666666666667
734,2020-07-21,285.0,285.0,265.0,271.0,-0.37,26784062.0,273.6666666666667
735,2020-07-20,276.0,289.0,268.0,272.0,3.42,89621376.0,276.3333333333333
736,2020-07-19,258.0,263.0,258.0,263.0,3.95,34040.0,261.3333333333333
737,2020-07-16,243.0,255.0,243.0,253.0,5.86,25132350.0,250.33333333333334
738,2020-07-15,241.0,244.0,239.0,239.0,-0.83,16948828.0,240.66666666666666
739,2020-07-14,245.0,245.0,238.0,241.0,0.0,18317696.0,241.33333333333334
740,2020-07-13,240.0,245.0,237.0,241.0,0.84,13785827.0,241.0
741,2020-07-12,247.0,247.0,236.0,239.0,-1.65,44466656.0,240.66666666666666
742,2020-07-09,243.0,246.0,240.0,243.0,0.0,10485312.0,243.0
743,2020-07-08,248.0,251.0,241.0,243.0,-0.82,10987440.0,245.0
744,2020-07-07,241.0,250.0,241.0,245.0,1.66,16846808.0,245.33333333333334
745,2020-07-06,237.0,242.0,235.0,241.0,2.99,11895083.0,239.33333333333334
746,2020-07-05,238.0,242.0,226.0,234.0,-1.68,22370430.0,234.0
747,2020-07-02,268.0,268.0,237.0,238.0,-9.51,13126560.0,247.66666666666666
748,2020-07-01,249.0,265.0,249.0,263.0,7.79,6228650.0,259.0
749,2020-06-30,224.0,244.0,221.0,244.0,7.02,5272440.0,236.33333333333334
750,2020-06-29,230.0,230.0,211.0,228.0,-3.42,14542099.0,223.0
751,2020-05-13,239.0,239.0,234.0,234.0,-2.9,66138.0,235.66666666666666
752,2020-05-12,244.0,244.0,241.0,241.0,-2.82,209944.0,242.0
753,2020-03-22,258.0,260.0,248.0,248.0,-2.75,5209814.0,252.0
754,2020-03-19,249.0,258.0,236.0,255.0,0.39,38225632.0,249.66666666666666
755,2020-03-18,259.0,259.0,249.0,254.0,-1.93,41495228.0,254.0
756,2020-03-17,264.0,266.0,258.0,259.0,-2.26,34693928.0,261.0
757,2020-03-16,271.0,271.0,260.0,265.0,-0.38,34763820.0,265.3333333333333
758,2020-03-15,275.0,275.0,266.0,266.0,-2.92,44818336.0,269.0
759,2020-03-12,281.0,281.0,273.0,274.0,-2.14,44982576.0,276.0
760,2020-03-11,275.0,285.0,268.0,280.0,3.7,52942756.0,277.6666666666667
761,2020-03-10,286.0,286.0,270.0,270.0,-5.59,46060136.0,275.3333333333333
762,2020-03-05,290.0,290.0,285.0,286.0,-0.69,60036300.0,287.0
763,2020-03-04,300.0,305.0,285.0,288.0,-4.0,75469568.0,292.6666666666667
764,2020-03-03,296.0,307.0,290.0,300.0,0.0,95844432.0,299.0
765,2020-03-02,307.0,313.0,296.0,300.0,-3.85,75366024.0,303.0
766,2020-03-01,313.0,325.0,307.0,312.0,1.96,258554096.0,314.6666666666667
767,2020-02-27,295.0,309.0,292.0,306.0,3.38,115730224.0,302.3333333333333
768,2020-02-26,290.0,299.0,290.0,296.0,1.37,77664072.0,295.0
769,2020-02-25,306.0,306.0,288.0,292.0,0.0,36800500.0,295.3333333333333
770,2020-02-24,302.0,302.0,290.0,292.0,-1.68,90954528.0,294.6666666666667
771,2020-02-23,281.0,300.0,281.0,297.0,4.95,74099872.0,292.6666666666667
772,2020-02-20,284.0,286.0,281.0,283.0,-0.35,41642508.0,283.3333333333333
773,2020-02-19,289.0,289.0,283.0,284.0,-0.7,26891782.0,285.3333333333333
774,2020-02-18,290.0,291.0,284.0,286.0,0.0,31587576.0,287.0
775,2020-02-17,279.0,291.0,278.0,286.0,2.88,36402484.0,285.0
776,2020-02-16,276.0,280.0,275.0,278.0,0.72,17100472.0,277.6666666666667
777,2020-02-13,281.0,282.0,276.0,276.0,-1.08,23167720.0,278.0
778,2020-02-12,286.0,286.0,279.0,279.0,-0.71,28493266.0,281.3333333333333
779,2020-02-11,280.0,284.0,280.0,281.0,0.0,27793348.0,281.6666666666667
780,2020-02-10,283.0,284.0,280.0,281.0,-0.35,19681236.0,281.6666666666667
781,2020-02-09,284.0,286.0,280.0,282.0,-0.35,35357928.0,282.6666666666667
782,2020-02-06,286.0,287.0,282.0,283.0,-1.05,24450312.0,284.0
783,2020-02-05,288.0,289.0,285.0,286.0,-0.35,21483608.0,286.6666666666667
784,2020-02-04,303.0,303.0,285.0,287.0,-0.69,37460160.0,291.6666666666667
785,2020-02-03,295.0,295.0,250.0,289.0,-0.34,50191824.0,278.0
786,2020-02-02,290.0,295.0,289.0,290.0,0.35,48560532.0,291.3333333333333
787,2020-01-30,290.0,290.0,286.0,289.0,0.35,44894504.0,288.3333333333333
788,2020-01-29,291.0,292.0,286.0,288.0,-0.69,34178936.0,288.6666666666667
789,2020-01-28,300.0,300.0,289.0,290.0,-1.69,99585312.0,293.0
790,2020-01-27,289.0,297.0,250.0,295.0,2.08,52657728.0,280.6666666666667
791,2020-01-26,293.0,295.0,289.0,289.0,-2.36,62968724.0,291.0
792,2020-01-23,310.0,310.0,294.0,296.0,-2.95,155697440.0,300.0
793,2020-01-22,319.0,331.0,257.2,305.0,0.33,611228736.0,297.73333333333335
794,2020-01-21,282.0,304.7,282.0,304.0,9.75,39066068.0,296.90000000000003
795,2020-01-20,245.0,277.0,245.0,277.0,9.72,242313.0,266.3333333333333
796,2019-07-04,305.0,305.0,293.0,295.0,-0.67,9664797.0,297.6666666666667
797,2019-07-03,298.0,298.0,292.0,297.0,1.02,14790454.0,295.6666666666667
798,2019-07-02,295.0,296.0,292.0,294.0,-1.01,10863974.0,294.0
799,2019-07-01,298.0,299.0,296.0,297.0,-0.67,8138039.0,297.3333333333333
800,2019-06-30,301.0,303.0,299.0,299.0,-1.64,8678811.0,300.3333333333333
801,2019-06-27,303.0,306.0,302.0,304.0,0.66,7063093.0,304.0
802,2019-06-26,305.0,305.0,301.0,302.0,-1.31,3552444.0,302.6666666666667
803,2019-06-25,308.0,308.0,304.0,306.0,0.0,7554184.0,306.0
804,2019-06-24,298.0,306.0,298.0,306.0,2.0,12836244.0,303.3333333333333
805,2019-06-23,300.0,301.0,298.0,300.0,0.0,12619354.0,299.6666666666667
806,2019-06-20,298.0,305.0,296.0,300.0,1.01,8420070.0,300.3333333333333
807,2019-06-19,297.0,297.0,295.0,297.0,0.0,4939446.0,296.3333333333333
808,2019-06-18,298.0,300.0,296.0,297.0,0.34,1968040.0,297.6666666666667
809,2019-06-17,300.0,300.0,294.0,296.0,0.0,5894005.0,296.6666666666667
810,2019-06-16,297.0,300.0,295.0,296.0,-0.67,7043001.0,297.0
811,2019-06-13,298.0,300.0,297.0,298.0,-0.67,3366698.0,298.3333333333333
812,2019-06-12,300.0,301.0,297.0,300.0,0.67,4223611.0,299.3333333333333
813,2019-06-11,306.0,306.0,298.0,298.0,-1.0,8328853.0,300.6666666666667
814,2019-06-10,303.0,304.0,299.0,301.0,-0.33,15178521.0,301.3333333333333
815,2019-06-06,303.0,304.0,301.0,302.0,-0.66,6105851.0,302.3333333333333
816,2019-06-04,303.0,308.0,303.0,304.0,0.33,9735302.0,305.0
817,2019-06-03,307.0,309.0,303.0,303.0,-1.3,5591209.0,305.0
818,2019-06-02,310.0,311.0,305.0,307.0,-0.65,3963219.0,307.6666666666667
819,2019-05-30,310.0,320.0,309.0,309.0,0.98,24805320.0,312.6666666666667
820,2019-05-29,310.0,310.0,306.0,306.0,0.0,3843396.0,307.3333333333333
821,2019-05-28,310.0,310.0,305.0,306.0,-0.33,3955029.0,307.0
822,2019-05-27,305.0,308.0,303.0,307.0,0.66,5996840.0,306.0
823,2019-05-26,310.0,310.0,305.0,305.0,0.33,10007987.0,306.6666666666667
824,2019-05-23,311.0,311.0,304.0,304.0,-1.94,11874662.0,306.3333333333333
825,2019-05-22,308.0,310.0,308.0,310.0,0.32,6268749.0,309.3333333333333
826,2019-05-21,308.0,311.0,308.0,309.0,-0.32,6863267.0,309.3333333333333
827,2019-05-20,315.0,315.0,309.0,310.0,0.0,3805666.0,311.3333333333333
828,2019-05-19,310.0,312.0,309.0,310.0,-0.32,7635722.0,310.3333333333333
829,2019-05-16,317.0,319.0,310.0,311.0,-0.96,9494766.0,313.3333333333333
830,2019-05-15,312.0,318.0,312.0,314.0,0.64,13772608.0,314.6666666666667
831,2019-05-14,310.0,314.0,309.0,312.0,0.65,5347499.0,311.6666666666667
832,2019-05-13,310.0,314.0,310.0,310.0,-0.64,6700522.0,311.3333333333333
833,2019-05-12,310.0,312.0,307.0,312.0,0.65,21567680.0,310.3333333333333
834,2019-05-09,314.0,314.0,309.0,310.0,-1.27,10536534.0,311.0
835,2019-05-08,312.0,315.0,312.0,314.0,0.64,4794060.0,313.6666666666667
836,2019-05-07,313.0,317.0,312.0,312.0,-0.32,6572688.0,313.6666666666667
837,2019-05-06,310.0,314.0,308.0,313.0,0.97,9458627.0,311.6666666666667
838,2019-05-05,310.0,315.0,310.0,310.0,-0.96,13671564.0,311.6666666666667
839,2019-05-02,313.0,316.0,308.0,313.0,0.0,7600286.0,312.3333333333333
840,2019-04-30,315.0,321.0,311.0,313.0,0.0,15604763.0,315.0
841,2019-04-29,315.0,319.0,310.0,313.0,-0.63,11876064.0,314.0
842,2019-04-28,327.0,327.0,313.0,315.0,-2.17,21037068.0,318.3333333333333
843,2019-04-25,321.0,329.0,319.0,322.0,0.63,29342240.0,323.3333333333333
844,2019-04-24,297.0,324.0,297.0,320.0,5.96,71904720.0,313.6666666666667
845,2019-04-23,297.0,302.0,295.0,302.0,1.68,15997457.0,299.6666666666667
846,2019-04-22,307.0,308.0,292.0,297.0,-1.66,23673200.0,299.0
847,2019-04-21,295.0,302.0,291.0,302.0,2.72,15719646.0,298.3333333333333
848,2019-04-18,291.0,300.0,287.0,294.0,2.8,21376260.0,293.6666666666667
849,2019-04-17,287.0,290.0,280.0,286.0,1.42,17368314.0,285.3333333333333
850,2019-04-16,272.0,282.0,272.0,282.0,4.06,9180816.0,278.6666666666667
851,2019-04-15,272.0,273.0,271.0,271.0,0.0,1513751.0,271.6666666666667
852,2019-04-11,272.0,273.0,271.0,271.0,-0.37,5546627.0,271.6666666666667
853,2019-04-10,273.0,276.0,271.0,272.0,0.37,6664244.0,273.0
854,2019-04-09,278.0,278.0,271.0,271.0,-1.81,10863470.0,273.3333333333333
855,2019-04-08,278.0,284.0,275.0,276.0,-0.72,15272423.0,278.3333333333333
856,2019-04-07,275.0,279.0,266.0,278.0,2.21,7127797.0,274.3333333333333
857,2019-04-04,265.0,274.0,265.0,272.0,1.87,10022272.0,270.3333333333333
858,2019-04-03,267.0,271.0,264.0,267.0,-0.37,5762058.0,267.3333333333333
859,2019-04-02,266.0,269.0,264.0,268.0,1.52,3435766.0,267.0
860,2019-04-01,261.0,269.0,261.0,264.0,1.15,2196445.0,264.6666666666667
861,2019-03-31,261.0,263.0,260.0,261.0,0.0,1806838.0,261.3333333333333
862,2019-03-28,259.0,262.0,259.0,261.0,-0.38,5941079.0,260.6666666666667
863,2019-03-27,262.0,263.0,260.0,262.0,0.38,1230707.0,261.6666666666667
864,2019-03-26,262.0,264.0,260.0,261.0,-0.38,2104366.0,261.6666666666667
865,2019-03-25,260.0,262.0,259.0,262.0,0.77,2660779.0,261.0
866,2019-03-24,263.0,263.0,259.0,260.0,-0.76,5798632.0,260.6666666666667
867,2019-03-21,262.0,263.0,260.0,262.0,-0.76,1808712.0,261.6666666666667
868,2019-03-19,266.0,266.0,263.0,264.0,-1.49,1316892.0,264.3333333333333
869,2019-03-18,270.0,270.0,267.0,268.0,-0.74,1773622.0,268.3333333333333
870,2019-03-17,270.0,270.0,267.0,270.0,1.12,2608550.0,269.0
871,2019-03-14,266.0,270.0,266.0,267.0,0.0,1652417.0,267.6666666666667
872,2019-03-13,274.0,274.0,267.0,267.0,-1.11,8518048.0,269.3333333333333
873,2019-03-12,267.0,271.0,264.0,270.0,1.89,10689048.0,268.3333333333333
874,2019-03-11,264.0,265.0,260.0,265.0,0.76,2202298.0,263.3333333333333
875,2019-03-10,264.0,264.0,261.0,263.0,-0.38,671203.0,262.6666666666667
876,2019-03-07,261.0,265.0,260.0,264.0,1.15,1773084.0,263.0
877,2019-03-06,259.0,261.0,259.0,261.0,0.38,2077653.0,260.3333333333333
878,2019-03-05,256.0,261.0,256.0,260.0,0.78,2117621.0,259.0
879,2019-03-03,262.0,262.0,257.0,258.0,-0.77,2584115.0,259.0
880,2019-02-27,257.0,261.0,257.0,260.0,1.17,2427181.0,259.3333333333333
881,2019-02-26,263.0,263.0,257.0,257.0,-1.15,1359846.0,259.0
882,2019-02-25,257.0,260.0,255.0,260.0,1.17,1680408.0,258.3333333333333
883,2019-02-24,265.0,265.0,257.0,257.0,-1.15,1947652.0,259.6666666666667
884,2019-02-21,262.0,262.0,256.0,260.0,0.39,892571.0,259.3333333333333
885,2019-02-20,260.0,264.0,259.0,259.0,-1.15,1734790.0,260.6666666666667
886,2019-02-19,258.0,262.0,257.0,262.0,0.77,1839441.0,260.3333333333333
887,2019-02-18,259.0,260.0,256.0,260.0,-0.38,1754045.0,258.6666666666667
888,2019-02-17,260.0,261.0,259.0,261.0,0.77,627265.0,260.3333333333333
889,2019-02-14,265.0,265.0,258.0,259.0,-1.15,2209505.0,260.6666666666667
890,2019-02-13,266.0,266.0,260.0,262.0,-0.38,1151313.0,262.6666666666667
891,2019-02-12,265.0,265.0,261.0,263.0,0.77,1323499.0,263.0
892,2019-02-11,260.0,265.0,260.0,261.0,-0.38,1460639.0,262.0
893,2019-02-10,268.0,268.0,261.0,262.0,-0.76,2756751.0,263.6666666666667
894,2019-02-07,268.0,270.0,262.0,264.0,-0.38,1163432.0,265.3333333333333
895,2019-02-06,263.0,266.0,263.0,265.0,-0.38,2516567.0,264.6666666666667
896,2019-02-05,264.0,270.0,262.0,266.0,0.76,2634542.0,266.0
897,2019-02-04,268.0,268.0,263.0,264.0,-0.38,1729182.0,265.0
898,2019-02-03,266.0,278.0,265.0,265.0,-1.85,5841856.0,269.3333333333333
899,2019-01-31,273.0,274.0,268.0,270.0,0.75,3889351.0,270.6666666666667
900,2019-01-30,260.0,268.0,260.0,268.0,2.29,3599847.0,265.3333333333333
901,2019-01-29,261.0,263.0,260.0,262.0,0.0,2333300.0,261.6666666666667
902,2019-01-28,260.0,264.0,260.0,262.0,0.38,2245118.0,262.0
903,2019-01-27,262.0,263.0,260.0,261.0,-0.76,4116193.0,261.3333333333333
904,2019-01-24,265.0,266.0,261.0,263.0,-0.75,3616499.0,263.3333333333333
905,2019-01-23,263.0,265.0,263.0,265.0,0.76,846524.0,264.3333333333333
906,2019-01-22,259.0,266.0,259.0,263.0,0.77,1630963.0,262.6666666666667
907,2019-01-21,265.0,267.0,259.0,261.0,-1.88,4658721.0,262.3333333333333
908,2019-01-20,266.0,267.0,264.0,266.0,-0.75,265692.0,265.6666666666667
909,2019-01-17,267.0,269.0,266.0,268.0,0.37,1203692.0,267.6666666666667
910,2019-01-16,270.0,270.0,264.0,267.0,-0.74,2076518.0,267.0
911,2019-01-15,270.0,272.0,269.0,269.0,-0.37,1789646.0,270.0
912,2019-01-14,270.0,271.0,269.0,270.0,0.0,1194013.0,270.0
913,2019-01-13,270.0,273.0,268.0,270.0,0.37,2229972.0,270.3333333333333
914,2019-01-10,270.0,272.0,269.0,269.0,0.0,2306485.0,270.0
915,2019-01-09,269.0,271.0,269.0,269.0,0.0,2569561.0,269.6666666666667
916,2019-01-08,274.0,279.0,269.0,269.0,0.0,2507848.0,272.3333333333333
917,2019-01-07,269.0,270.0,268.0,269.0,0.0,1043821.0,269.0
918,2019-01-06,270.0,270.0,266.0,269.0,0.37,1761650.0,268.3333333333333
919,2019-01-03,275.0,275.0,268.0,268.0,-0.74,2062708.0,270.3333333333333
920,2019-01-02,273.0,273.0,270.0,270.0,-0.74,4025481.0,271.0
921,2019-01-01,278.0,278.0,272.0,272.0,-1.81,1906985.0,274.0
922,2018-12-31,286.0,286.0,277.0,277.0,-1.42,6392363.0,280.0
923,2018-12-30,280.0,289.0,279.0,281.0,0.61,12700491.0,283.0
924,2018-12-27,334.0,336.0,324.0,324.0,-1.22,53643500.0,328.0
925,2018-12-26,325.0,331.0,320.0,328.0,2.18,23180198.0,326.3333333333333
926,2018-12-25,320.0,323.0,320.0,321.0,0.31,9459521.0,321.3333333333333
927,2018-12-24,325.0,325.0,319.0,320.0,-0.93,20411082.0,321.3333333333333
928,2018-12-23,320.0,330.0,320.0,323.0,1.57,18788178.0,324.3333333333333
929,2018-12-20,319.0,321.0,316.0,318.0,0.63,14956149.0,318.3333333333333
930,2018-12-19,316.0,319.0,313.0,316.0,0.0,6917644.0,316.0
931,2018-12-18,326.0,326.0,316.0,316.0,-1.25,18429872.0,319.3333333333333
932,2018-12-17,322.0,323.0,317.0,320.0,0.0,9285478.0,320.0
933,2018-12-16,322.0,322.0,317.0,320.0,0.63,7102799.0,319.6666666666667
934,2018-12-13,317.0,319.0,316.0,318.0,0.32,5986023.0,317.6666666666667
935,2018-12-12,315.0,317.0,314.0,317.0,0.63,1110897.0,316.0
936,2018-12-11,318.0,318.0,315.0,315.0,-0.63,5523367.0,316.0
937,2018-12-10,316.0,319.0,315.0,317.0,0.0,37597460.0,317.0
938,2018-12-09,314.0,318.0,314.0,317.0,0.96,5057961.0,316.3333333333333
939,2018-12-06,308.0,316.0,308.0,314.0,0.64,17722008.0,312.6666666666667
940,2018-12-05,318.0,318.0,310.0,312.0,-1.27,28795196.0,313.3333333333333
941,2018-12-04,304.0,320.0,304.0,316.0,2.93,33745660.0,313.3333333333333
942,2018-12-03,308.0,309.0,304.0,307.0,1.66,6107772.0,306.6666666666667
943,2018-12-02,306.0,307.0,300.0,302.0,-1.63,19288712.0,303.0
944,2018-11-29,309.0,309.0,307.0,307.0,-0.32,2804582.0,307.6666666666667
945,2018-11-28,306.0,312.0,306.0,308.0,-0.96,8034212.0,308.6666666666667
946,2018-11-27,315.0,315.0,310.0,311.0,-0.96,2213566.0,312.0
947,2018-11-26,312.0,314.0,308.0,314.0,1.29,14182722.0,312.0
948,2018-11-25,310.0,312.0,310.0,310.0,-0.32,1045140.0,310.6666666666667
949,2018-11-22,315.0,315.0,311.0,311.0,-0.64,2030834.0,312.3333333333333
950,2018-11-21,310.0,313.0,309.0,313.0,0.0,17566008.0,311.6666666666667
951,2018-11-20,316.0,316.0,313.0,313.0,-0.95,1570506.0,314.0
952,2018-11-19,314.0,316.0,311.0,316.0,0.32,2706615.0,314.3333333333333
953,2018-11-18,314.0,317.0,308.0,315.0,0.32,3253073.0,313.3333333333333
954,2018-11-15,315.0,318.0,314.0,314.0,-0.95,4308688.0,315.3333333333333
955,2018-11-14,315.0,318.0,314.0,317.0,0.63,1474032.0,316.3333333333333
956,2018-11-13,315.0,317.0,314.0,315.0,0.0,2773527.0,315.3333333333333
957,2018-11-12,310.0,315.0,308.0,315.0,1.29,1079416.0,312.6666666666667
958,2018-11-11,315.0,315.0,311.0,311.0,-1.27,237603.0,312.3333333333333
959,2018-11-06,318.0,318.0,311.0,315.0,-0.94,576080.0,314.6666666666667
960,2018-11-05,308.0,321.0,308.0,318.0,2.25,5270680.0,315.6666666666667
961,2018-11-04,315.0,315.0,310.0,311.0,-0.32,1992656.0,312.0
962,2018-11-01,315.0,315.0,310.0,312.0,-0.32,9088397.0,312.3333333333333
963,2018-10-31,310.0,313.0,310.0,313.0,0.0,2127466.0,312.0
964,2018-10-30,310.0,313.0,310.0,313.0,0.64,5750547.0,312.0
965,2018-10-29,311.0,312.0,309.0,311.0,-0.96,2768276.0,310.6666666666667
966,2018-10-28,320.0,320.0,310.0,314.0,-1.57,23388344.0,314.6666666666667
967,2018-10-25,317.0,320.0,316.0,319.0,-0.31,2940585.0,318.3333333333333
968,2018-10-24,317.0,320.0,315.0,320.0,0.95,4268526.0,318.3333333333333
969,2018-10-23,318.0,318.0,314.0,317.0,-0.31,2165368.0,316.3333333333333
970,2018-10-22,317.0,318.0,316.0,318.0,0.0,614191.0,317.3333333333333
971,2018-10-21,317.0,319.0,317.0,318.0,0.0,1572266.0,318.0
972,2018-10-15,318.0,319.0,315.0,318.0,0.32,4668903.0,317.3333333333333
973,2018-10-14,316.0,319.0,316.0,317.0,0.32,739099.0,317.3333333333333
974,2018-10-11,310.0,316.0,310.0,316.0,1.28,2562029.0,314.0
975,2018-10-10,312.0,314.0,311.0,312.0,-1.27,3487698.0,312.3333333333333
976,2018-10-09,313.0,318.0,313.0,316.0,0.32,6816634.0,315.6666666666667
977,2018-10-08,311.0,315.0,310.0,315.0,1.61,4977852.0,313.3333333333333
978,2018-10-07,312.0,313.0,310.0,310.0,-1.27,9273608.0,311.0
979,2018-10-04,319.0,319.0,312.0,314.0,0.0,7252287.0,315.0
980,2018-10-03,316.0,319.0,312.0,314.0,-0.63,11402193.0,315.0
981,2018-10-02,317.0,320.0,315.0,316.0,0.0,36513184.0,317.0
982,2018-10-01,320.0,320.0,315.0,316.0,-1.25,4707684.0,317.0
983,2018-09-30,321.0,322.0,318.0,320.0,-0.62,64906840.0,320.0
984,2018-09-27,320.0,325.0,320.0,322.0,-0.62,5919901.0,322.3333333333333
985,2018-09-26,328.0,329.0,322.0,324.0,-0.61,11896759.0,325.0
986,2018-09-25,324.0,332.0,323.0,326.0,1.24,17754292.0,327.0
987,2018-09-23,316.0,325.0,314.0,322.0,1.9,64230512.0,320.3333333333333
988,2018-09-20,323.0,323.0,315.0,316.0,-0.32,4744178.0,318.0
989,2018-09-18,322.0,322.0,317.0,317.0,-0.63,5818620.0,318.6666666666667
990,2018-09-17,330.0,330.0,317.0,319.0,-1.85,8405227.0,322.0
991,2018-09-16,324.0,331.0,320.0,325.0,2.2,21713076.0,325.3333333333333
992,2018-09-13,320.0,321.0,317.0,318.0,0.63,18016508.0,318.6666666666667
993,2018-09-12,311.0,316.0,307.0,316.0,2.6,36951736.0,313.0
994,2018-09-11,311.0,311.0,302.0,308.0,0.98,4766339.0,307.0
995,2018-09-10,312.0,312.0,301.0,305.0,-0.33,20790962.0,306.0
996,2018-09-09,307.0,310.0,306.0,306.0,-0.65,12186277.0,307.3333333333333
997,2018-09-06,315.0,320.0,308.0,308.0,-0.32,12636134.0,312.0
998,2018-09-05,310.0,320.0,305.0,309.0,1.31,13626196.0,311.3333333333333
999,2018-09-04,309.0,309.0,300.0,305.0,0.0,6521473.0,304.6666666666667
