Index,Date,Open,High,Low,Ltp,% change,turnover,Close
1,3/27/2024,442,447,440,440.5,-0.29,"13,329,809.20",440.7182
2,3/26/2024,445.1,448,440,441.8,-0.72,"17,930,260.10",441.89528
3,3/25/2024,458,458,444.4,445,-1.33,"14,908,542.00",451.9086
4,3/21/2024,459.9,459.9,449,451,-1.31,"20,947,008.40",453.87531
5,3/20/2024,463,465,456,457,-0.65,"14,624,891.10",459.9905
6,3/19/2024,460,462,456,460,-0.22,"15,682,309.00",458.988
7,3/18/2024,473,473,459,461,-0.65,"16,682,507.50",469.9255
8,3/17/2024,478,480,462,464,-1.67,"23,971,254.60",470.0174
9,3/14/2024,480,480,468.3,471.9,-0.23,"22,778,295.10",478.896
10,3/13/2024,477,479.9,467,473,0.85,"31,614,147.30",481.0545
11,3/12/2024,458.7,470,455,469,4.27,"29,076,699.00",478.28649
12,3/10/2024,448,451,447,449.8,0.97,"17,184,098.60",452.3456
13,3/7/2024,450,450,442,445.5,0.79,"12,360,332.50",453.555
14,3/6/2024,448,450,440,442,-0.9,"20,614,974.90",443.968
15,3/5/2024,459,459,435,446,-2.68,"38,275,055.40",446.6988
16,3/4/2024,432.4,458.3,432,458.3,8.09,"6,514,387.20",467.38116
17,3/3/2024,429.5,432,422,424,-1.28,"24,247,315.80",424.0024
18,2/29/2024,435,435,429,429.5,-1.26,"36,293,346.10",429.519
19,2/28/2024,442,442,435,435,-0.64,"14,143,989.00",439.1712
20,2/27/2024,434,440,432.5,437.8,0.88,"19,182,202.40",437.8192
21,2/26/2024,436.5,440,430.1,434,-0.57,"27,597,828.00",434.01195
22,2/25/2024,445,445,434,436.5,-1.91,"29,943,351.10",436.5005
23,2/22/2024,450,452.9,443,445,-0.89,"27,844,413.90",445.995
24,2/21/2024,450,454.8,448,449,0,"27,709,782.70",450
25,2/20/2024,456,460,448,449,-1.9,"40,799,800.60",447.336
26,2/18/2024,456,465,455.5,457.7,-1.04,"30,047,882.80",451.2576
27,2/15/2024,465,466,462,462.5,-0.64,"23,763,885.70",462.024
28,2/14/2024,471.5,471.5,464.5,465.5,-1.27,"29,432,541.50",465.51195
29,2/13/2024,477,479.9,469.1,471.5,-1.15,"39,335,243.70",471.5145
30,2/12/2024,476,477,474,477,0.42,"23,137,701.80",477.9992
31,2/11/2024,486,486,474.5,475,-0.31,"41,536,813.40",484.4934
32,2/8/2024,476,480,475,476.5,0.29,"19,428,344.20",477.3804
33,2/7/2024,484.5,484.5,474.5,475.1,0.02,"34,651,267.20",484.5969
34,2/6/2024,479,484,475,475,0,"29,864,909.30",479
35,2/5/2024,481,481,474.9,475,-0.42,"31,059,134.50",478.9798
36,2/4/2024,482,483.9,477,477,-0.75,"38,139,312.60",478.385
37,2/1/2024,494.2,494.2,480,480.6,-0.83,"42,874,748.30",490.09814
38,1/31/2024,489,490,484.6,484.6,-0.49,"49,422,553.30",486.6039
39,1/30/2024,485,494,485,487,-0.2,"28,719,052.70",484.03
40,1/29/2024,492,495,485,488,-0.61,"54,993,722.60",488.9988
41,1/28/2024,497,497,487.7,491,0.61,"30,688,492.60",500.0317
42,1/25/2024,492.5,492.5,483.2,488,0.64,"38,332,635.40",495.652
43,1/24/2024,492,493,484,484.9,0.08,"36,499,765.10",492.3936
44,1/23/2024,489,496,484,484.5,-0.92,"49,850,590.00",484.5012
45,1/22/2024,495,495,486.5,489,-0.81,"52,410,361.90",490.9905
46,1/21/2024,504,504,492,493,-1,"42,440,772.60",498.96
47,1/18/2024,507,507,498,498,-1.19,"39,099,071.90",500.9667
48,1/17/2024,503.5,512,503,504,0.6,"56,271,981.30",506.521
49,1/16/2024,500,502,498,501,1.31,"63,423,350.80",506.55
50,1/14/2024,500,501,493.5,494.5,0.3,"33,128,429.60",501.5
51,1/11/2024,499,499.9,490,493,0.2,"26,080,337.00",499.998
52,1/10/2024,495,500,490,492,0.41,"45,338,816.50",497.0295
53,1/9/2024,488.1,495,488.1,490,0.39,"60,580,784.60",490.00359
54,1/8/2024,495,495,488,488.1,-0.39,"53,586,128.10",493.0695
55,1/7/2024,500,500,489.5,490,-1.11,"48,049,103.80",494.45
56,1/4/2024,498,500.9,495,495.5,-0.1,"46,626,099.40",497.502
57,1/3/2024,500,501.5,488.6,496,-0.78,"74,243,709.50",496.1
58,1/2/2024,506,510,498,499.9,-1.19,"48,739,674.80",499.9786
59,1/1/2024,513,513,505,505.9,-0.02,"28,388,629.60",512.8974
60,12/28/2023,499,514,499,506,-0.39,"27,984,384.90",497.0539
61,12/27/2023,520,520,508,508,-1.36,"36,195,148.50",512.928
62,12/24/2023,523,527,515,515,-1.53,"44,347,884.30",514.9981
63,12/21/2023,520,525,520,523,0.58,"47,621,680.70",523.016
64,12/20/2023,525,528,518.6,520,0.39,"75,974,172.10",527.0475
65,12/19/2023,523.2,523.2,514,518,0.97,"47,333,207.90",528.27504
66,12/18/2023,513.7,519.5,510,513,0,"56,583,376.50",513.7
67,12/17/2023,515,518.9,493,513,-1.87,"69,726,311.70",505.3695
68,12/14/2023,525,527.9,521,522.8,0.35,"33,077,944.40",526.8375
69,12/13/2023,530,530,520,521,-0.04,"32,770,640.30",529.788
70,12/12/2023,528,528,520,521.2,-0.15,"32,135,111.40",527.208
71,12/11/2023,539,539,520,522,-1.23,"37,397,217.90",532.3703
72,12/10/2023,516.8,530,514,528.5,4.12,"2,869,237.70",538.09216
73,12/7/2023,513.5,514,501,507.6,0.51,"8,262,794.20",516.11885
74,12/6/2023,508,509,500,505,0.58,"12,053,221.10",510.9464
75,12/5/2023,504,510,502,502.1,0.02,"17,159,415.80",504.1008
76,12/4/2023,498,510,498,502,-0.79,"17,661,374.70",494.0658
77,12/3/2023,516,516,505,506,-0.57,"17,059,256.00",513.0588
78,11/30/2023,512,512,507,508.9,-0.59,"17,354,014.10",508.9792
79,11/29/2023,517,520,508.9,511.9,-0.99,"23,909,578.80",511.8817
80,11/28/2023,529.8,529.8,515.5,517,-1.71,"16,836,839.70",520.74042
81,11/27/2023,540,540,522,526,-1.39,"18,860,924.70",532.494
82,11/26/2023,510,533.4,499,533.4,3.57,"73,712,280.60",528.207
83,11/23/2023,549.9,549.9,505.1,515,-8.2,"131,076,105.80",504.8082
84,11/22/2023,563,563,558,561,0,"21,615,521.40",563
85,11/21/2023,566,575,560,561,-0.71,"18,985,793.70",561.9814
86,11/20/2023,572,572.5,562,565,-0.74,"21,140,991.40",567.7672
87,11/9/2023,571.5,571.5,569,569.2,-0.4,"14,653,022.20",569.214
88,11/8/2023,571,575,568,571.5,0.28,"16,464,832.40",572.5988
89,11/7/2023,577.8,577.8,567,569.9,0.33,"18,470,133.10",579.70674
90,11/6/2023,570,577,567,568,0.35,"16,603,603.50",571.995
91,11/5/2023,572,573,564,566,-1.2,"28,752,025.40",565.136
92,11/2/2023,582,582,572,572.9,-0.81,"21,127,137.60",577.2858
93,11/1/2023,575,580,575,577.6,-0.07,"10,825,934.30",574.5975
94,10/31/2023,579,585,575,578,-0.34,"14,873,435.30",577.0314
95,10/30/2023,575,580,572,580,-0.17,"23,019,064.20",574.0225
96,10/29/2023,590,590.4,579.2,581,-1.53,"21,737,652.60",580.973
97,10/19/2023,596.5,596.5,586,590,0.08,"39,090,480.60",596.9772
98,10/18/2023,583,589.9,573,589.5,3.04,"16,287,197.70",600.7232
99,10/17/2023,579,580,570,572.1,0.72,"21,706,060.60",583.1688
100,10/16/2023,578,578,566.5,568,0.19,"17,493,800.70",579.0982
101,10/12/2023,570,570,560.5,566.9,-0.02,"28,714,621.30",569.886
102,10/11/2023,570,570.9,566.5,567,-0.35,"33,179,846.20",568.005
103,10/10/2023,572,575,568,569,-0.49,"34,434,414.90",569.1972
104,10/9/2023,579,580,571,571.8,-0.56,"35,145,369.40",575.7576
105,10/8/2023,593.3,593.3,574.5,575,-1.15,"53,442,373.90",586.47705
106,10/5/2023,580.2,584.6,580,581.7,-0.36,"31,828,814.60",578.11128
107,10/4/2023,586.8,586.8,580.5,583.8,-0.03,"27,683,428.30",586.62396
108,10/3/2023,585,589,582.1,584,0.17,"27,852,069.20",585.9945
109,10/2/2023,583,588.4,579.5,583,-0.34,"26,055,975.90",581.0178
110,10/1/2023,590,591.5,584,585,-1.1,"22,150,202.80",583.51
111,9/27/2023,600,604,590,591.5,-0.42,"18,094,488.40",597.48
112,9/26/2023,603,603,592,594,-0.17,"13,863,486.10",601.9749
113,9/25/2023,591.1,598.9,588,595,0.51,"29,796,596.40",594.11461
114,9/24/2023,593,598,586.8,592,-0.17,"30,396,145.50",591.9919
115,9/21/2023,591,603,591,593,0.68,"23,034,240.60",595.0188
116,9/19/2023,592,598,586,589,-0.36,"18,493,866.50",589.8688
117,9/18/2023,592,592,585,591.1,-0.32,"21,474,886.30",590.1056
118,9/17/2023,599.7,608,590,593,0.85,"43,158,916.20",604.79745
119,9/13/2023,581,590,581,588,0.68,"23,485,920.30",584.9508
120,9/12/2023,598,599,583,584,-0.8,"24,816,791.50",593.216
121,9/11/2023,587,592,578.3,588.7,1.5,"41,321,868.50",595.805
122,9/10/2023,578.9,582,577,580,0.49,"29,857,994.80",581.73661
123,9/7/2023,585,585,576.5,577.2,-0.79,"29,566,230.50",580.3785
124,9/5/2023,586,589.9,580.6,581.8,-0.38,"16,202,031.40",583.7732
125,9/4/2023,584,587,575.3,584,0,"38,500,932.10",584
126,9/3/2023,587.3,590,583,584,-0.56,"27,297,567.60",584.01112
127,8/30/2023,596,596,586.2,587.3,-0.46,"30,052,229.30",593.2584
128,8/29/2023,592.1,596,588.1,590,-0.02,"17,259,695.20",591.98158
129,8/28/2023,596,596,590,590.1,0.02,"15,380,695.00",596.1192
130,8/27/2023,592.5,595,589.1,590,-0.42,"27,149,538.30",590.0115
131,8/24/2023,595,600,591.1,592.5,-1.09,"25,686,071.70",588.5145
132,8/23/2023,594,599.9,592.1,599,0.84,"17,378,859.00",598.9896
133,8/22/2023,592,600,590,594,0.42,"24,674,639.40",594.4864
134,8/21/2023,590,598.9,585,591.5,-0.07,"23,765,668.00",589.587
135,8/20/2023,595,597,588,591.9,-0.19,"34,751,380.90",593.8695
136,8/17/2023,602.5,602.7,592,593,0.17,"19,240,299.80",603.52425
137,8/16/2023,599,600,590,592,-1.17,"31,676,925.70",591.9917
138,8/15/2023,601,601,596.6,599,-0.63,"39,447,340.90",597.2137
139,8/14/2023,591.5,605,591.5,602.8,-0.12,"26,482,835.40",590.7902
140,8/13/2023,608,610,600,603.5,-0.49,"36,381,307.50",605.0208
141,8/10/2023,604,607.3,602,606.5,0.58,"28,957,552.00",607.5032
142,8/9/2023,604,604,594,603,0.5,"34,931,078.90",607.02
143,8/8/2023,610,614,600,600,-1.64,"35,073,067.70",599.996
144,8/7/2023,612,614.9,602,610,-0.33,"47,898,930.30",609.9804
145,8/6/2023,625.2,637.7,607,612,-0.16,"69,820,466.50",624.19968
146,8/3/2023,618,621,612,613,0,"27,412,266.20",618
147,8/2/2023,619.9,620,609,613,0.31,"22,620,315.90",621.82169
148,8/1/2023,620,621,611,611.1,-0.63,"25,620,471.80",616.094
149,7/31/2023,605,623,605,615,-0.16,"34,311,195.50",604.032
150,7/30/2023,623,623.9,614,616,-0.32,"49,335,465.00",621.0064
151,7/27/2023,625,628,616,618,-0.88,"50,326,274.70",619.5
152,7/26/2023,629,629.5,618,623.5,-0.02,"35,568,721.80",628.8742
153,7/25/2023,640,640,621,623.6,-2.41,"65,026,439.50",624.576
154,7/24/2023,650,653,636,639,-1.54,"111,689,687.70",639.99
155,7/23/2023,630,649.6,625.2,649,4.01,"94,121,522.80",655.263
156,7/20/2023,620,628.9,620,624,1.17,"77,783,223.10",627.254
157,7/19/2023,619,619,612,616.8,0.62,"46,874,578.90",622.8378
158,7/18/2023,620.9,621.6,610,613,0.33,"47,031,903.00",622.94897
159,7/17/2023,607,612,598,611,1.97,"44,868,342.90",618.9579
160,7/16/2023,595,605.9,590,599.2,1.56,"43,608,617.00",604.282
161,7/13/2023,574.3,597.9,574.3,590,0.68,"39,318,126.20",578.20524
162,7/12/2023,585,589.9,585,586,0.51,"30,016,680.90",587.9835
163,7/11/2023,584,587,580,583,0,"51,402,666.70",584
164,7/10/2023,593,593,581,583,0,"51,633,437.30",593
165,7/9/2023,590,593.6,582,583,0.15,"46,393,314.10",590.885
166,7/6/2023,584,594,580,582.1,-0.09,"36,123,009.40",583.4744
167,7/5/2023,574.3,597.1,574.3,582.6,-0.58,"41,335,410.70",570.96906
168,7/4/2023,585.1,590,584,586,0.19,"40,896,154.20",586.21169
169,7/3/2023,594,594,584,584.9,-1.53,"65,697,698.15",584.9118
170,7/2/2023,615,615,591,594,-1.98,"66,854,976.65",602.823
171,6/28/2023,620,633,605,606,-0.48,"92,844,811.90",617.024
172,6/27/2023,593,609.9,587,608.9,3.91,"110,660,786.10",616.1863
173,6/26/2023,593,593,585.2,586,-0.17,"73,753,126.20",591.9919
174,6/25/2023,594,594,581.5,587,-0.25,"72,516,379.78",592.515
175,6/22/2023,595,597,585.4,588.5,-0.27,"33,592,097.20",593.3935
176,6/21/2023,600,600,589.1,590.1,-0.87,"43,876,597.30",594.78
177,6/20/2023,599,603,595,595.3,0.22,"46,284,743.80",600.3178
178,6/19/2023,598,605.2,593.1,594,-0.34,"41,098,211.50",595.9668
179,6/18/2023,600,601,595.1,596,-0.33,"46,419,957.70",598.02
180,6/15/2023,610,610,596,598,-0.17,"23,729,746.60",608.963
181,6/14/2023,603,604,597,599,0.34,"70,605,525.30",605.0502
182,6/13/2023,599.9,601,595,597,0,"40,124,610.10",599.9
183,6/12/2023,600,602,595,597,0.51,"23,485,659.90",603.06
184,6/11/2023,585,596.7,585,594,0.52,"31,236,437.90",588.042
185,6/8/2023,590,595,587,590.9,-0.07,"21,610,888.10",589.587
186,6/7/2023,591.7,599,591,591.3,-0.07,"20,003,390.20",591.28581
187,6/6/2023,590.1,599,590,591.7,0.12,"17,622,610.70",590.80812
188,6/5/2023,599.9,606,591,591,-0.74,"17,025,367.70",595.46074
189,6/4/2023,590,606.9,590,595.4,1.29,"20,522,148.00",597.611
190,6/1/2023,584,590,580,587.8,1.08,"22,438,475.80",590.3072
191,5/31/2023,585,592,575.6,581.5,-0.99,"33,838,205.40",579.2085
192,5/30/2023,600,602,584,587.3,-2.28,"45,006,162.40",586.32
193,5/28/2023,610,615,600,601,-0.83,"42,258,257.50",604.937
194,5/24/2023,605,613.9,603,606,0.08,"24,097,410.90",605.484
195,5/23/2023,605,607,598,605.5,1.09,"25,238,036.50",611.5945
196,5/22/2023,600,601,592,599,0.66,"16,172,911.10",603.96
197,5/21/2023,601,611,595,595.1,0.86,"26,932,317.80",606.1686
198,5/18/2023,590,600,590,590,0,"29,758,947.60",590
199,5/17/2023,590,594,586,590,1.03,"16,807,685.30",596.077
200,5/16/2023,592,592,582,584,0.03,"21,685,277.30",592.1776
201,5/15/2023,584,595,583.1,583.8,-0.19,"20,246,495.60",582.8904
202,5/14/2023,590,601,583.5,584.9,-0.86,"30,790,801.32",584.926
203,5/11/2023,590,594,589,590,0,"15,759,761.60",590
204,5/10/2023,600,600,589,590,-0.84,"35,408,992.80",594.96
205,5/9/2023,581.8,612,581.8,595,0.34,"20,387,959.60",583.77812
206,5/8/2023,595,595,591,593,-0.34,"16,398,503.30",592.977
207,5/7/2023,600,600,593.1,595,-0.65,"16,823,070.10",596.1
208,5/4/2023,600,600,595,598.9,0.07,"19,612,850.30",600.42
209,5/3/2023,600,600,595,598.5,-0.17,"13,729,373.80",598.98
210,5/2/2023,585.1,608,585.1,599.5,0.42,"18,046,957.60",587.55742
211,4/30/2023,605,605,593,597,-0.5,"32,353,777.00",601.975
212,4/27/2023,602,605.5,598,600,-0.66,"32,706,170.20",598.0268
213,4/26/2023,607.5,610,603.5,604,-0.25,"24,821,586.10",605.98125
214,4/25/2023,606,607,600,605.5,0.08,"26,950,675.40",606.4848
215,4/24/2023,610,612,603,605,-0.66,"21,532,546.30",605.974
216,4/23/2023,620,621,607.7,609,-1.77,"21,238,989.10",609.026
217,4/20/2023,608,632,608,620,0,"25,740,233.90",608
218,4/19/2023,603.7,627,603.7,620,0.65,"36,617,823.80",607.62405
219,4/18/2023,604,620,604,616,0,"20,357,427.70",604
220,4/17/2023,617,625,615,616,-0.16,"17,320,112.60",616.0128
221,4/16/2023,618.9,630,613,617,-0.31,"15,949,563.70",616.98141
222,4/13/2023,641.5,643.8,610,618.9,-1.61,"45,917,709.60",631.17185
223,4/12/2023,603.8,630.9,598,629,6.25,"53,384,244.40",641.5375
224,4/11/2023,593.7,593.7,582.1,592,1.7,"22,991,337.60",603.7929
225,4/10/2023,580,588,577,582.1,0.36,"27,025,240.50",582.088
226,4/9/2023,590,590,578.1,580,-2.06,"57,855,742.50",577.846
227,4/6/2023,595,600,588,592.2,0.37,"29,495,712.90",597.2015
228,4/5/2023,595,595,588,590,0.17,"23,584,402.30",596.0115
229,4/4/2023,595,595,586.1,589,-0.15,"24,424,997.00",594.1075
230,4/3/2023,600,600,587,589.9,-1.32,"36,279,007.60",592.08
231,4/2/2023,606,610,595,597.8,-0.86,"23,822,813.70",600.7884
232,3/30/2023,612,612,600.6,603,-0.99,"20,453,706.00",605.9412
233,3/29/2023,610,610,599,609,0.41,"19,273,587.20",612.501
234,3/28/2023,607,612.5,602,606.5,0.41,"29,249,513.80",609.4887
235,3/27/2023,596,605,588.1,604,1.34,"40,458,527.90",603.9864
236,3/26/2023,605.5,605.5,596,596,-1.49,"34,751,408.30",596.47805
237,3/23/2023,610,612,603,605,-1.31,"38,469,238.70",602.009
238,3/22/2023,615,619.9,610,613,0,"36,387,425.60",615
239,3/20/2023,607,613.7,606.5,613,1.16,"31,589,859.20",614.0412
240,3/19/2023,625,625,605,606,-1.14,"30,904,775.80",617.875
241,3/16/2023,623,623,605,613,-0.81,"39,683,731.20",617.9537
242,3/15/2023,628,628,618,618,-1.12,"42,912,042.60",620.9664
243,3/14/2023,634,634,623,625,-0.78,"34,473,548.70",629.0548
244,3/13/2023,624.2,635,624.2,629.9,-1.1,"35,140,758.60",617.3338
245,3/12/2023,650,653,635,636.9,-1.56,"33,104,679.20",639.86
246,3/9/2023,641,648.9,641,647,1.25,"35,785,207.10",649.0125
247,3/7/2023,640,642,637,639,0.27,"26,325,287.00",641.728
248,3/5/2023,650,650,635,637.3,-1.82,"34,508,537.30",638.17
249,3/2/2023,652,653,648,649.1,-0.9,"38,561,494.60",646.132
250,3/1/2023,657,660,654,655,-0.3,"23,485,365.00",655.029
251,2/28/2023,665,669,656.1,657,-0.61,"21,053,247.90",660.9435
252,2/27/2023,672,675.1,658,661,-0.38,"27,264,521.30",669.4464
253,2/26/2023,668,670,652,663.5,-0.82,"37,609,406.30",662.5224
254,2/23/2023,678,679,665,669,-1.46,"31,867,874.40",668.1012
255,2/22/2023,674.8,689.5,664.2,678.9,2.48,"38,602,222.00",691.53504
256,2/20/2023,670.2,670.2,661,662.5,-1.15,"35,649,044.00",662.4927
257,2/16/2023,675,676,669,670.2,-0.64,"38,412,329.30",670.68
258,2/15/2023,675,688.5,670.1,674.5,-0.07,"26,766,341.20",674.5275
259,2/14/2023,683,683,674,675,-1.17,"40,229,741.20",675.0089
260,2/12/2023,689,690,680,683,-1.44,"36,424,747.20",679.0784
261,2/9/2023,690,698,676,693,0.73,"57,355,488.90",695.037
262,2/8/2023,705,705.7,685,688,-0.56,"52,398,853.00",701.052
263,2/7/2023,677.3,692,677.3,691.9,2.16,"48,024,125.40",691.92968
264,2/6/2023,682,688,675,677.3,-0.54,"37,058,416.20",678.3172
265,2/5/2023,690,698,678,681,-1.02,"57,476,381.60",682.962
266,2/2/2023,692,694.5,685.1,688,-0.29,"37,556,908.00",689.9932
267,2/1/2023,695,695,686,690,-0.06,"39,861,439.40",694.583
268,1/31/2023,700,700,688,690.4,-1.09,"46,790,580.80",692.37
269,1/30/2023,688.5,706,688.5,698,-0.64,"49,884,863.10",684.0936
270,1/29/2023,707,709,701.1,702.5,-0.44,"40,322,419.10",703.8892
271,1/26/2023,714,714.5,705.3,705.6,-0.49,"40,819,235.90",710.5014
272,1/25/2023,717,719,709,709.1,-0.55,"45,120,868.20",713.0565
273,1/24/2023,711,715,709,713,0.3,"48,245,961.70",713.133
274,1/23/2023,717.5,729,710,710.9,1.05,"81,990,439.60",725.03375
275,1/19/2023,705,710,701,703.5,-0.06,"66,002,719.40",704.577
276,1/18/2023,712,718,703,703.9,-1,"67,131,987.90",704.88
277,1/17/2023,724,725,709,711,-0.42,"62,759,754.80",720.9592
278,1/12/2023,733.5,733.5,713.7,714,-0.72,"72,682,871.40",728.2188
279,1/10/2023,720,735,718,719.2,0.03,"132,591,912.10",720.216
280,1/9/2023,733.4,733.4,712,719,-0.01,"120,035,819.40",733.32666
281,1/8/2023,738.9,739,718.5,719.1,-1.09,"105,631,362.40",730.84599
282,1/5/2023,744,745,727,727,-1.34,"97,002,720.20",734.0304
283,1/4/2023,750,750,730,736.9,0.12,"66,207,371.90",750.9
284,1/3/2023,743,750,735,736,-0.41,"79,862,135.80",739.9537
285,1/2/2023,735.5,751,725,739,2.48,"168,451,282.80",753.7404
286,1/1/2023,859,865,850,854.5,1.36,"225,748,979.10",870.6824
287,12/29/2022,840,844,835.1,843,0.97,"92,888,217.90",848.148
288,12/28/2022,845,847,826.1,834.9,-0.84,"88,591,274.10",837.902
289,12/27/2022,847,860,834,842,0.48,"113,229,439.00",851.0656
290,12/26/2022,811,840,811,838,3.46,"91,121,150.20",839.0606
291,12/22/2022,809,811,800.1,810,0.37,"53,166,698.00",811.9933
292,12/21/2022,816,816,800,807,0.88,"39,508,915.70",823.1808
293,12/20/2022,800,807,797,800,0.38,"33,692,251.60",803.04
294,12/19/2022,795,800,794,797,0.38,"31,909,230.10",798.021
295,12/18/2022,810,810,793,794,-1.24,"54,113,336.70",799.956
296,12/15/2022,815,815,803.5,804,-0.5,"47,255,902.50",810.925
297,12/14/2022,807,818,807,808,0.11,"42,277,228.30",807.8877
298,12/13/2022,816,816.9,804.7,807.1,-0.97,"71,756,635.70",808.0848
299,12/12/2022,846,846,801.7,815,-3.66,"213,241,682.50",815.0364
300,12/11/2022,880,880,842.8,846,-3.97,"75,843,349.60",845.064
301,12/7/2022,884,890,879,881,-0.79,"45,287,666.80",877.0164
302,12/6/2022,900.6,900.6,875.1,888,0.57,"48,195,521.10",905.73342
303,12/5/2022,866,895,866,883,0.11,"84,789,006.70",866.9526
304,12/4/2022,922,930,879.3,882,-3.4,"198,067,493.40",890.652
305,12/1/2022,865,915,865,913,3.51,"144,556,792.00",895.3615
306,11/30/2022,878,883.5,870.1,882,0.57,"41,503,915.80",883.0046
307,11/29/2022,876,880,866.7,877,0.34,"43,161,892.30",878.9784
308,11/28/2022,890,890,870,874,-0.23,"72,458,404.20",887.953
309,11/27/2022,832,876,832,876,5.42,"120,321,988.40",877.0944
310,11/24/2022,830,832,820,831,0.78,"27,006,670.60",836.474
311,11/23/2022,830,835,822.1,824.6,-0.53,"18,447,908.30",825.601
312,11/22/2022,828,840,827.4,829,0.21,"22,086,869.00",829.7388
313,11/17/2022,821,829,821,827.3,0.95,"23,798,804.00",828.7995
314,11/16/2022,821,821,814,819.5,0.2,"16,680,452.90",822.642
315,11/15/2022,827,827,814,817.9,0.48,"21,081,840.10",830.9696
316,11/14/2022,815,815,803,814,0.37,"24,098,711.10",818.0155
317,11/13/2022,816,822,810,811,-0.49,"23,825,950.50",812.0016
318,11/10/2022,837,837,814,815,-1.03,"27,097,436.80",828.3789
319,11/9/2022,834,866.5,822.6,823.5,-1.14,"38,563,935.90",824.4924
320,11/8/2022,827,835,827,833,-0.12,"17,146,216.60",826.0076
321,11/7/2022,841.5,842,832,834,0.35,"31,344,999.00",844.44525
322,11/6/2022,830,834,820.1,831.1,0.86,"38,198,493.00",837.138
323,11/3/2022,830,835,820.2,824,-0.72,"29,428,996.90",824.024
324,11/2/2022,835,844,825,830,-0.6,"56,617,593.10",829.99
325,11/1/2022,818,839.6,813,835,2.33,"59,270,094.90",837.0594
326,10/31/2022,810,819,809,816,0.99,"38,025,836.70",818.019
327,10/23/2022,800,809.9,796.5,808,1.44,"33,880,101.10",811.52
328,10/20/2022,800,801,791,796.5,-0.25,"23,788,271.60",798
329,10/19/2022,795,800,790,798.5,0.57,"24,151,474.70",799.5315
330,10/17/2022,795,799.5,793,794,0,"27,919,215.00",795
331,10/16/2022,796,798,790,794,-0.25,"26,898,499.30",794.01
332,10/13/2022,794,804,790,796,0.25,"34,035,202.60",795.985
333,10/12/2022,797,797,787.2,794,0.25,"24,011,652.00",798.9925
334,10/11/2022,800,800,788,792,-0.63,"31,009,449.40",794.96
335,10/10/2022,823.1,823.1,793.8,797,-1.24,"48,220,262.90",812.89356
336,10/9/2022,781.7,808,781.7,807,3.46,"35,198,429.90",808.74682
337,9/29/2022,777,780,769,780,1.69,"29,086,776.80",790.1313
338,9/28/2022,777,777,767,767,-0.39,"26,953,460.10",773.9697
339,9/27/2022,750,776,750,770,2.27,"26,168,117.60",767.025
340,9/25/2022,759,759,746,752.9,-0.8,"42,978,453.00",752.928
341,9/22/2022,765,770,755,759,-0.41,"25,868,761.50",761.8635
342,9/21/2022,752,768.2,750,762.1,1.68,"33,815,448.50",764.6336
343,9/20/2022,765,769,749.2,749.5,-1.9,"47,365,180.00",750.465
344,9/18/2022,780,780,762.7,764,-1.04,"34,359,816.00",771.888
345,9/16/2022,768,779.9,761,772,-1.15,"30,055,028.20",759.168
346,9/15/2022,812,812.8,779,781,-2.25,"46,108,017.40",793.73
347,9/14/2022,775,802,774,799,3.77,"65,169,328.50",804.2175
348,9/13/2022,765,772,751,770,1.99,"59,489,245.70",780.2235
349,9/12/2022,755,761,748.3,755,-0.53,"40,754,763.70",750.9985
350,9/11/2022,760,767,755,759,-0.13,"31,750,970.10",759.012
351,9/8/2022,764,765,758,760,-0.42,"33,505,678.60",760.7912
352,9/7/2022,767,771,763,763.2,-0.62,"25,478,373.20",762.2446
353,9/6/2022,784,784,768,768,-1.04,"56,685,479.70",775.8464
354,9/5/2022,785,785,775,776.1,-0.49,"45,655,586.90",781.1535
355,9/4/2022,783,789.9,777,779.9,-0.64,"63,049,749.00",777.9888
356,9/2/2022,786,790,781,784.9,0.11,"43,703,308.50",786.8646
357,9/1/2022,790,791,781,784,-0.25,"33,647,608.80",788.025
358,8/31/2022,790,798,785.5,786,-0.44,"28,257,822.30",786.524
359,8/30/2022,789,795,783,789.5,-0.06,"44,492,555.80",788.5266
360,8/29/2022,793,798,782,790,-0.44,"28,140,408.00",789.5108
361,8/28/2022,795,799.9,790,793.5,-0.3,"44,105,178.90",792.615
362,8/26/2022,800,802,795,795.9,-0.51,"15,795,754.00",795.92
363,8/25/2022,808,809.9,799,800,-0.25,"32,342,925.80",805.98
364,8/24/2022,806,810,800,802,0.01,"30,680,930.80",806.0806
365,8/23/2022,800,803,797,801.9,0.36,"23,822,859.30",802.88
366,8/22/2022,805,806,795,799,-0.25,"37,341,895.70",802.9875
367,8/21/2022,802,815,800,801,-0.12,"35,936,037.30",801.0376
368,8/18/2022,800,805,795,802,0.94,"41,131,559.90",807.52
369,8/17/2022,799,801,793,794.5,-0.56,"42,665,079.00",794.5256
370,8/16/2022,806.9,808,798,799,-0.05,"39,610,147.50",806.49655
371,8/15/2022,793,799.4,789,799.4,1.32,"41,534,539.50",803.4676
372,8/14/2022,800,800,787,789,-0.5,"44,427,134.00",796
373,8/11/2022,800,804,790,793,0.38,"45,115,351.60",803.04
374,8/10/2022,787,796,781,790,0.24,"64,689,420.10",788.8888
375,8/9/2022,808,808,787.2,788.1,-1.86,"104,209,985.30",792.9712
376,8/8/2022,820,821,800,803,-1.71,"108,543,151.30",805.978
377,8/7/2022,819.7,828,802,817,-0.33,"127,341,908.00",816.99499
378,8/5/2022,850,850,817,819.7,-3.56,"141,414,347.60",819.74
379,8/4/2022,879.2,879.2,850,850,-1.39,"31,873,397.30",866.97912
380,8/3/2022,880,883,859.1,862,-1.71,"80,979,081.60",864.952
381,8/2/2022,881,884,870,877,-0.56,"24,482,621.90",876.0664
382,8/1/2022,894.9,897.5,880,881.9,0.1,"42,185,561.80",895.7949
383,7/31/2022,879,882,871,881,1.28,"46,248,840.90",890.2512
384,7/29/2022,866,880,865,869.9,0.45,"15,221,344.00",869.897
385,7/28/2022,880,880,865,866,0,"37,704,226.60",880
386,7/27/2022,866,870,853,866,0,"37,915,630.60",866
387,7/26/2022,895,895,865.5,866,-2.15,"43,646,056.30",875.7575
388,7/25/2022,870.9,888.8,870,885,2.91,"46,872,526.10",896.24319
389,7/24/2022,853,866,848,860,2.39,"35,696,123.10",873.3867
390,7/22/2022,855,855,836,839.9,-1.77,"22,132,331.70",839.8665
391,7/21/2022,847,859.8,841,855,1.18,"31,458,068.60",856.9946
392,7/20/2022,847.2,850,836,845,0.84,"27,422,503.40",854.31648
393,7/19/2022,844.9,845,832,838,0.72,"40,446,732.50",850.98328
394,7/18/2022,832,837,825,832,0.24,"24,374,814.00",833.9968
395,7/17/2022,828,835,821,830,0.73,"24,017,285.00",834.0444
396,7/15/2022,829.9,829.9,817,824,0.86,"18,088,990.80",837.03714
397,7/14/2022,826,841.2,808.5,817,0.74,"44,809,250.10",832.1124
398,7/13/2022,800,812,798,811,1.77,"47,959,378.50",814.16
399,7/12/2022,796,804.9,787,796.9,0.62,"34,006,061.50",800.9352
400,7/11/2022,831,831,792,792,-4.12,"55,898,125.10",796.7628
401,7/8/2022,845,847,825.5,826,-2.25,"25,208,769.00",825.9875
402,7/7/2022,864,886,844,845,-2.2,"43,794,878.60",844.992
403,7/6/2022,885,889,837,864,-0.92,"49,581,894.40",876.858
404,7/5/2022,895,900,860.1,872,-2.57,"45,044,516.30",871.9985
405,7/4/2022,900,916,893.8,895,0.67,"103,998,073.90",906.03
406,7/3/2022,856,890,856,889,3.86,"62,471,477.10",889.0416
407,7/1/2022,850,866,833,856,2.51,"36,130,112.00",871.335
408,6/30/2022,800,835,800,835,5.03,"38,392,058.90",840.24
409,6/29/2022,780,799,770,795,2.19,"22,748,918.80",797.082
410,6/28/2022,794,794,765,778,-0.26,"27,883,622.40",791.9356
411,6/27/2022,790,810,775,780,0.65,"71,412,242.10",795.135
412,6/26/2022,754.8,780,750,775,4.73,"67,627,858.40",790.50204
413,6/24/2022,749,750,726,740,-1.2,"23,897,108.60",740.012
414,6/23/2022,775,777,748,749,-4.22,"55,369,684.70",742.295
415,6/22/2022,799,799.9,778,782,-1.26,"33,966,548.60",788.9326
416,6/21/2022,795,799,783,792,-0.36,"43,235,927.10",792.138
417,6/20/2022,814,814,793,794.9,-2.59,"40,744,255.50",792.9174
418,6/19/2022,817,820.5,814,816,-0.12,"40,739,382.70",816.0196
419,6/17/2022,835,835,817,817,-0.97,"13,671,108.40",826.9005
420,6/16/2022,821,833,815,825,0,"25,046,352.80",821
421,6/15/2022,838,838,810,825,-1.61,"27,480,500.20",824.5082
422,6/14/2022,846,846,834,838.5,-0.89,"32,013,076.80",838.4706
423,6/13/2022,850,850,844.8,846,-0.25,"23,514,073.40",847.875
424,6/10/2022,850,855,840,848.1,0.2,"22,346,583.10",851.7
425,6/9/2022,855,864,846,846.4,0.4,"38,872,733.80",858.42
426,6/8/2022,828.1,855,828,843,1.38,"36,218,334.20",839.52778
427,6/7/2022,850,853,830,831.5,-1.71,"29,046,597.90",835.465
428,6/6/2022,845,860.5,837.9,846,0.12,"34,972,889.40",846.014
429,6/3/2022,855,871.9,843,845,-1.96,"36,674,425.80",838.242
430,6/2/2022,883.9,883.9,858,861.9,-0.59,"31,857,272.40",878.68499
431,6/1/2022,876,883,866,867,-0.91,"28,718,353.80",868.0284
432,5/31/2022,890,890,865,875,-1.69,"39,852,803.20",874.959
433,5/30/2022,900,901,881,890,-0.89,"39,472,978.50",891.99
434,5/27/2022,900,900,896,898,-0.07,"35,739,162.00",899.37
435,5/26/2022,918,918,897,898.6,-0.16,"35,742,783.80",916.5312
436,5/25/2022,915,915,898,900,0.32,"34,485,355.80",917.928
437,5/24/2022,900,905,897,897.1,-0.21,"30,238,038.80",898.11
438,5/23/2022,906,941,898,899,-0.77,"41,509,265.50",899.0238
439,5/20/2022,901,915,900,906,-0.22,"23,127,532.00",899.0178
440,5/19/2022,929,929,896,908,-0.66,"26,676,250.10",922.8686
441,5/18/2022,915,918,905.3,914,0.44,"22,492,071.40",919.026
442,5/17/2022,930,935,908,910,-2.15,"24,558,509.30",910.005
443,5/12/2022,949.7,951,930,930,-0.32,"51,490,582.10",946.66096
444,5/11/2022,915,938,915,933,2.56,"34,410,295.20",938.424
445,5/10/2022,912,912,897,909.7,1.47,"36,887,470.30",925.4064
446,5/9/2022,889,907,889,896.5,0.84,"36,905,688.60",896.4676
447,5/8/2022,900,910,880,889,-1.43,"41,548,903.60",887.13
448,5/5/2022,910,915,900,901.9,-0.78,"45,209,407.90",902.902
449,5/4/2022,920,925,899,909,-1.2,"34,250,306.50",908.96
450,5/2/2022,937.5,937.5,916.5,920,-0.86,"36,030,960.50",929.4375
451,4/28/2022,934,947,927,928,-0.74,"40,204,268.00",927.0884
452,4/27/2022,939,944.6,929.2,934.9,-0.32,"32,648,422.40",935.9952
453,4/26/2022,940.9,947,936,937.9,-0.32,"25,847,948.60",937.88912
454,4/25/2022,965,980,936,940.9,-1.11,"51,980,914.60",954.2885
455,4/24/2022,941,951.5,930,951.5,1.76,"45,117,903.20",957.5616
456,4/21/2022,945,949,918.2,935,-0.53,"50,937,946.50",939.9915
457,4/20/2022,949,950,936,940,-0.95,"35,782,830.90",939.9845
458,4/19/2022,950,961,935,949,-0.73,"63,067,385.00",943.065
459,4/18/2022,972,977,955,956,-1.54,"49,626,555.30",957.0312
460,4/17/2022,980,990,970,971,0,"34,917,275.90",980
461,4/13/2022,970,972,953,971,1.15,"34,129,326.20",981.155
462,4/12/2022,990,990,958.1,960,-1.13,"43,408,463.80",978.813
463,4/11/2022,980,995,970,971,0.21,"69,287,032.70",982.058
464,4/7/2022,965.1,976,964,969,0.41,"73,895,218.30",969.05691
465,4/6/2022,982,990,963,965,-1.93,"67,001,764.70",963.0474
466,4/5/2022,"1,000.00","1,000.00",982,984,-1.3,"85,999,199.00",987
467,4/4/2022,"1,000.00","1,002.00",995,997,0,"56,787,876.60",1000
468,4/3/2022,"1,010.10","1,010.10",995,997,-0.5,"42,413,438.70",1005.0495
469,3/31/2022,"1,015.00","1,019.90","1,000.00","1,002.00",-0.4,"63,023,552.60",1010.94
470,3/30/2022,995,"1,006.00",993,"1,006.00",-0.3,"100,998,632.80",992.015
471,3/29/2022,"1,000.10","1,030.00","1,000.10","1,009.00",-0.79,"53,898,812.70",992.19921
472,3/28/2022,"1,029.00","1,029.00","1,010.00","1,017.00",-0.29,"36,969,032.90",1026.0159
473,3/27/2022,"1,055.00","1,055.00","1,017.00","1,020.00",-1.92,"38,257,052.80",1034.744
474,3/24/2022,"1,057.00","1,057.00","1,036.00","1,040.00",-0.67,"35,845,312.40",1049.9181
475,3/23/2022,"1,060.00","1,060.00","1,043.00","1,047.00",-0.29,"30,904,783.00",1056.926
476,3/22/2022,"1,060.00","1,065.00","1,048.10","1,050.00",-0.19,"37,554,211.70",1057.986
477,3/21/2022,"1,075.00","1,075.00","1,046.00","1,052.00",-0.75,"33,802,164.90",1066.9375
478,3/20/2022,"1,080.00","1,080.00","1,055.30","1,060.00",-0.38,"29,827,949.80",1075.896
479,3/16/2022,"1,079.00","1,089.00","1,060.00","1,064.00",-1.39,"27,019,937.40",1064.0019
480,3/15/2022,"1,100.00","1,100.00","1,075.00","1,079.00",-1.19,"48,101,759.80",1086.91
481,3/14/2022,"1,100.00","1,100.50","1,081.00","1,092.00",1.2,"25,904,097.40",1113.2
482,3/13/2022,"1,036.00","1,080.00","1,034.00","1,079.00",5.99,"60,721,142.40",1098.0564
483,3/10/2022,988.7,"1,018.00",988.7,"1,018.00",1,"32,299,087.50",998.587
484,3/9/2022,"1,020.00","1,020.00","1,006.00","1,007.90",-0.4,"36,048,709.90",1015.92
485,3/7/2022,"1,010.00","1,012.00","1,000.00","1,011.90",0.9,"47,341,531.00",1019.09
486,3/6/2022,985.9,"1,020.00",985.9,"1,002.90",-0.31,"64,436,543.50",982.84371
487,3/2/2022,"1,040.00","1,048.00","1,000.00","1,006.00",-3.27,"75,609,425.50",1005.992
488,2/28/2022,"1,050.00","1,059.00","1,037.00","1,040.00",-0.1,"47,302,325.40",1048.95
489,2/27/2022,"1,051.00","1,051.00","1,040.00","1,041.00",-0.95,"45,196,711.70",1041.0155
490,2/24/2022,"1,065.00","1,067.00","1,048.00","1,051.00",-1.55,"76,104,471.70",1048.4925
491,2/23/2022,"1,084.00","1,085.00","1,065.00","1,067.50",-0.28,"31,684,313.20",1080.9648
492,2/22/2022,"1,080.00","1,080.00","1,069.00","1,070.50",0.33,"44,701,700.40",1083.564
493,2/21/2022,"1,070.00","1,073.00","1,063.00","1,067.00",0.47,"41,953,268.00",1075.029
494,2/20/2022,"1,070.00","1,075.00","1,045.00","1,062.00",-1.58,"65,233,093.30",1053.094
495,2/17/2022,"1,081.00","1,094.00","1,070.00","1,079.00",-0.09,"37,204,791.40",1080.0271
496,2/16/2022,"1,096.00","1,096.00","1,070.30","1,080.00",0.47,"50,105,537.10",1101.1512
497,2/15/2022,"1,085.00","1,085.00","1,066.10","1,075.00",1.03,"57,013,901.40",1096.1755
498,2/14/2022,"1,070.00","1,079.00","1,064.00","1,064.00",-0.56,"73,017,839.30",1064.008
499,2/13/2022,"1,095.00","1,095.00","1,069.00","1,070.00",-2.47,"94,341,596.80",1067.9535
500,2/10/2022,"1,101.00","1,101.00","1,095.00","1,097.10",-0.35,"68,504,631.00",1097.1465
501,2/9/2022,"1,110.00","1,110.00","1,098.00","1,100.90",-0.55,"65,698,220.80",1103.895
502,2/8/2022,"1,128.00","1,129.00","1,106.00","1,107.00",-0.18,"57,126,383.50",1125.9696
503,2/7/2022,"1,112.00","1,112.00","1,106.00","1,109.00",0,"76,447,346.10",1112
504,2/6/2022,"1,130.00","1,130.00","1,108.50","1,109.00",-1.16,"79,537,958.10",1116.892
505,2/3/2022,"1,141.50","1,143.50","1,121.00","1,122.00",0.08,"68,883,392.70",1142.4132
506,2/1/2022,"1,129.90","1,129.90","1,119.30","1,121.10",-0.52,"60,782,611.90",1124.02452
507,1/31/2022,"1,149.00","1,149.00","1,125.00","1,127.00",-0.7,"43,092,491.00",1140.957
508,1/30/2022,"1,139.00","1,139.00","1,127.10","1,135.00",1.61,"66,774,823.30",1157.3379
509,1/27/2022,"1,121.00","1,130.00","1,115.00","1,117.00",-0.36,"63,080,144.60",1116.9644
510,1/26/2022,"1,129.00","1,134.90","1,115.00","1,121.00",-0.72,"68,718,459.20",1120.8712
511,1/25/2022,"1,135.00","1,145.00","1,110.00","1,129.10",0.19,"58,784,959.50",1137.1565
512,1/24/2022,"1,165.00","1,165.00","1,125.00","1,127.00",-2.93,"109,300,301.10",1130.8655
513,1/23/2022,"1,178.00","1,178.00","1,155.00","1,161.00",-1.44,"92,763,156.90",1161.0368
514,1/20/2022,"1,182.00","1,182.00","1,160.00","1,178.00",0.08,"56,086,709.10",1182.9456
515,1/19/2022,"1,213.00","1,213.00","1,170.10","1,177.00",-1.09,"86,938,565.30",1199.7783
516,1/18/2022,"1,180.00","1,209.00","1,180.00","1,190.00",0.94,"139,206,459.50",1191.092
517,1/17/2022,"1,162.00","1,179.00","1,140.00","1,178.90",3.41,"131,409,910.20",1201.6242
518,1/16/2022,"1,120.00","1,147.00","1,110.00","1,140.00",2.7,"200,255,532.50",1150.24
519,1/13/2022,"1,110.00","1,112.00","1,104.00","1,110.00",0.27,"102,712,292.80",1112.997
520,1/12/2022,"1,120.00","1,120.00","1,107.00","1,107.00",-0.7,"117,881,455.50",1112.16
521,1/11/2022,"1,112.00","1,117.00","1,105.50","1,114.80",0.31,"114,259,483.80",1115.4472
522,1/10/2022,"1,113.00","1,119.90","1,106.10","1,111.30",-0.15,"134,198,561.80",1111.3305
523,1/9/2022,"1,120.00","1,129.00","1,110.00","1,113.00",-0.09,"141,472,657.40",1118.992
524,1/6/2022,"1,111.00","1,123.00","1,099.60","1,114.00",0.19,"75,380,074.60",1113.1109
525,1/5/2022,"1,122.00","1,138.00","1,110.00","1,111.90",-0.63,"84,317,711.80",1114.9314
526,1/4/2022,"1,137.00","1,139.00","1,117.20","1,119.00",-1.58,"130,969,035.90",1119.0354
527,1/3/2022,"1,150.00","1,160.00","1,137.00","1,137.00",-0.61,"149,363,282.60",1142.985
528,1/2/2022,"1,107.00","1,151.50","1,086.00","1,144.00",5.41,"297,049,298.90",1166.8887
529,12/29/2021,"1,499.00","1,500.00","1,450.00","1,450.00",-2.03,"477,182,107.70",1468.5703
530,12/28/2021,"1,500.00","1,500.00","1,479.20","1,480.00",-1.27,"253,737,724.20",1480.95
531,12/27/2021,"1,549.00","1,550.00","1,485.00","1,499.00",-1.64,"306,099,202.30",1523.5964
532,12/26/2021,"1,514.70","1,570.80","1,506.00","1,524.00",2.63,"320,749,736.30",1554.53661
533,12/23/2021,"1,494.00","1,499.00","1,471.00","1,485.00",0,"77,043,373.00",1494
534,12/22/2021,"1,460.00","1,492.00","1,455.00","1,485.00",2.24,"117,845,624.30",1492.704
535,12/21/2021,"1,423.00","1,452.50","1,423.00","1,452.50",2.29,"141,804,026.80",1455.5867
536,12/20/2021,"1,439.90","1,439.90","1,412.00","1,420.00",-0.7,"83,678,127.80",1429.8207
537,12/16/2021,"1,450.00","1,460.00","1,421.00","1,430.00",-1.38,"62,466,671.30",1429.99
538,12/15/2021,"1,460.00","1,500.00","1,412.00","1,450.00",-0.68,"132,920,768.80",1450.072
539,12/14/2021,"1,393.00","1,460.00","1,380.00","1,460.00",6.87,"90,803,695.90",1488.6991
540,12/13/2021,"1,421.00","1,421.00","1,364.00","1,366.10",-3.86,"180,359,302.00",1366.1494
541,12/12/2021,"1,453.00","1,453.00","1,420.50","1,421.00",-2.2,"115,900,522.00",1421.034
542,12/9/2021,"1,456.00","1,459.00","1,434.00","1,452.90",-0.27,"81,404,391.50",1452.0688
543,12/8/2021,"1,475.00","1,480.00","1,450.00","1,456.80",-1.23,"69,263,114.60",1456.8575
544,12/7/2021,"1,513.90","1,514.00","1,475.00","1,475.00",-0.67,"90,741,486.90",1503.75687
545,12/6/2021,"1,445.00","1,495.00","1,415.00","1,485.00",0.75,"171,593,128.00",1455.8375
546,12/5/2021,"1,514.00","1,514.00","1,471.00","1,474.00",-2.51,"160,550,423.80",1475.9986
547,12/2/2021,"1,524.20","1,530.00","1,509.00","1,512.00",-0.8,"91,588,100.70",1512.0064
548,12/1/2021,"1,535.30","1,535.30","1,523.00","1,524.20",0.21,"55,861,135.00",1538.52413
549,11/30/2021,"1,535.00","1,535.00","1,518.70","1,521.00",-0.33,"80,607,814.90",1529.9345
550,11/29/2021,"1,523.00","1,530.00","1,508.00","1,526.00",0.2,"91,499,906.80",1526.046
551,11/28/2021,"1,538.00","1,538.00","1,520.00","1,523.00",-0.98,"130,596,179.50",1522.9276
552,11/25/2021,"1,547.00","1,550.00","1,535.00","1,538.00",-0.45,"100,167,376.70",1540.0385
553,11/24/2021,"1,545.00","1,550.00","1,527.00","1,545.00",0.52,"84,660,876.90",1553.034
554,11/23/2021,"1,550.00","1,550.00","1,532.00","1,537.00",-0.58,"95,971,223.50",1541.01
555,11/22/2021,"1,544.00","1,554.90","1,540.00","1,546.00",0.13,"124,845,767.50",1546.0072
556,11/21/2021,"1,560.00","1,565.00","1,538.00","1,544.00",-0.19,"116,771,963.40",1557.036
557,11/18/2021,"1,587.10","1,587.10","1,546.00","1,547.00",-0.58,"138,623,591.70",1577.89482
558,11/17/2021,"1,570.00","1,570.00","1,548.00","1,556.00",-0.19,"154,429,470.80",1567.017
559,11/16/2021,"1,550.00","1,565.00","1,546.10","1,559.00",1.23,"115,229,721.70",1569.065
560,11/15/2021,"1,552.00","1,576.00","1,540.00","1,540.00",-0.52,"161,517,790.60",1543.9296
561,11/14/2021,"1,570.00","1,575.00","1,540.00","1,548.00",-0.13,"166,765,368.90",1567.959
562,11/11/2021,"1,579.00","1,580.00","1,540.00","1,550.00",-1.84,"310,857,416.40",1549.9464
563,11/9/2021,"1,614.70","1,614.70","1,570.00","1,579.00",-2.21,"298,281,752.50",1579.01513
564,11/8/2021,"1,660.00","1,660.00","1,605.00","1,614.70",-2.32,"303,329,062.30",1621.488
565,11/3/2021,"1,640.10","1,740.00","1,640.10","1,653.00",2.8,"1,179,786,179.70",1686.0228
566,11/2/2021,"1,650.00","1,650.00","1,594.00","1,608.00",-0.74,"211,786,540.60",1637.79
567,11/1/2021,"1,580.00","1,620.00","1,551.00","1,620.00",2.53,"340,099,480.30",1619.974
568,10/31/2021,"1,600.00","1,629.90","1,573.00","1,580.00",-1.13,"280,317,853.10",1581.92
569,10/28/2021,"1,610.00","1,619.00","1,595.00","1,598.00",-0.5,"227,514,050.70",1601.95
570,10/27/2021,"1,569.00","1,620.00","1,559.00","1,606.00",2.36,"431,931,533.00",1606.0284
571,10/26/2021,"1,505.50","1,578.00","1,498.00","1,569.00",4.81,"347,877,019.50",1577.91455
572,10/25/2021,"1,500.30","1,500.30","1,470.30","1,497.00",1.77,"116,525,820.80",1526.85531
573,10/24/2021,"1,472.00","1,479.00","1,462.00","1,470.90",-0.01,"80,712,397.30",1471.8528
574,10/21/2021,"1,460.00","1,480.00","1,447.00","1,471.00",0.75,"96,418,376.70",1470.95
575,10/20/2021,"1,459.60","1,479.00","1,430.00","1,460.00",2.03,"94,805,048.20",1489.22988
576,10/19/2021,"1,448.00","1,450.00","1,420.10","1,431.00",-2.52,"111,382,423.00",1411.5104
577,10/18/2021,"1,482.00","1,482.00","1,448.00","1,468.00",-0.94,"98,998,518.30",1468.0692
578,10/17/2021,"1,479.00","1,507.00","1,465.00","1,482.00",2.21,"83,267,214.70",1511.6859
579,10/11/2021,"1,503.00","1,503.00","1,439.90","1,450.00",-1.63,"171,385,318.30",1478.5011
580,10/10/2021,"1,462.60","1,500.00","1,462.60","1,474.00",2.01,"114,755,872.10",1491.99826
581,10/6/2021,"1,410.00","1,453.00","1,410.00","1,444.90",2.48,"82,656,811.90",1444.968
582,10/5/2021,"1,410.00","1,410.00","1,394.00","1,410.00",0.93,"62,216,475.80",1423.113
583,10/4/2021,"1,392.00","1,407.00","1,370.00","1,397.00",0.14,"83,897,360.60",1393.9488
584,10/3/2021,"1,429.90","1,429.90","1,393.00","1,395.00",-0.85,"78,068,846.30",1417.74585
585,9/30/2021,"1,413.00","1,419.00","1,401.00","1,407.00",-0.07,"66,324,708.40",1412.0109
586,9/29/2021,"1,420.00","1,420.00","1,379.00","1,408.00",0.93,"81,901,279.30",1433.206
587,9/28/2021,"1,415.00","1,415.00","1,380.00","1,395.00",-1.41,"120,745,318.60",1395.0485
588,9/27/2021,"1,435.00","1,435.00","1,403.00","1,415.00",-1.12,"67,613,766.60",1418.928
589,9/26/2021,"1,450.00","1,465.00","1,427.00","1,431.00",-0.49,"167,255,276.40",1442.895
590,9/23/2021,"1,441.10","1,455.00","1,430.00","1,438.00",0.95,"197,580,382.70",1454.79045
591,9/22/2021,"1,415.00","1,425.00","1,400.00","1,424.40",2.55,"111,996,296.90",1451.0825
592,9/21/2021,"1,393.00","1,415.00","1,345.00","1,389.00",-0.29,"205,606,794.60",1388.9603
593,9/20/2021,"1,432.00","1,440.00","1,380.00","1,393.00",-2.21,"184,440,763.70",1400.3528
594,9/16/2021,"1,430.00","1,440.00","1,408.00","1,424.50",-1.42,"154,238,803.70",1409.694
595,9/15/2021,"1,470.00","1,470.00","1,440.00","1,445.00",-0.55,"53,826,948.50",1461.915
596,9/14/2021,"1,473.00","1,473.00","1,445.00","1,453.00",-0.14,"68,300,810.80",1470.9378
597,9/13/2021,"1,468.80","1,482.00","1,440.00","1,455.00",1.04,"307,356,782.30",1484.07552
598,9/12/2021,"1,415.00","1,447.00","1,410.00","1,440.00",2.13,"107,395,777.50",1445.1395
599,9/9/2021,"1,410.00","1,420.00","1,410.00","1,410.00",-0.35,"99,403,841.10",1405.065
600,9/8/2021,"1,429.90","1,430.00","1,404.00","1,415.00",-1.04,"84,171,412.70",1415.02904
601,9/7/2021,"1,455.00","1,470.00","1,419.00","1,429.90",-0.84,"113,607,001.30",1442.778
602,9/6/2021,"1,390.00","1,445.00","1,380.00","1,442.00",3.89,"190,642,503.80",1444.071
603,9/5/2021,"1,420.00","1,420.00","1,372.00","1,388.00",-2.12,"246,544,579.60",1389.896
604,9/2/2021,"1,420.50","1,440.00","1,414.00","1,418.00",-0.14,"149,553,931.00",1418.5113
605,9/1/2021,"1,435.00","1,446.00","1,408.00","1,420.00",0.07,"177,400,692.50",1436.0045
606,8/31/2021,"1,433.00","1,433.00","1,402.00","1,419.00",-0.98,"178,799,141.50",1418.9566
607,8/29/2021,"1,430.00","1,469.00","1,413.00","1,433.00",-1.17,"261,950,499.90",1413.269
608,8/26/2021,"1,460.00","1,480.10","1,441.00","1,450.00",-0.62,"231,477,148.40",1450.948
609,8/25/2021,"1,479.00","1,479.00","1,448.00","1,459.00",-1.22,"177,104,133.20",1460.9562
610,8/24/2021,"1,499.00","1,499.00","1,477.00","1,477.00",-0.87,"161,112,074.20",1485.9587
611,8/19/2021,"1,500.00","1,501.00","1,485.00","1,490.00",-0.33,"159,642,701.40",1495.05
612,8/18/2021,"1,500.00","1,505.00","1,485.00","1,495.00",0,"178,292,864.90",1500
613,8/17/2021,"1,518.00","1,518.00","1,489.00","1,495.00",-0.82,"323,314,223.90",1505.5524
614,8/16/2021,"1,535.00","1,560.00","1,499.00","1,507.40",0.16,"305,915,871.20",1537.456
615,8/15/2021,"1,520.00","1,525.00","1,475.00","1,505.00",-0.92,"370,339,186.20",1506.016
616,8/12/2021,"1,520.00","1,530.00","1,515.00","1,519.00",0.33,"93,543,858.30",1525.016
617,8/11/2021,"1,520.00","1,540.00","1,512.20","1,514.00",0.13,"116,269,022.20",1521.976
618,8/10/2021,"1,496.00","1,522.00","1,490.00","1,512.00",1.2,"196,887,045.20",1513.952
619,8/9/2021,"1,499.00","1,499.00","1,490.00","1,494.00",0,"77,117,556.50",1499
620,8/8/2021,"1,489.00","1,503.00","1,488.00","1,494.00",0.4,"133,104,939.20",1494.956
621,8/5/2021,"1,490.00","1,499.00","1,482.10","1,488.00",-0.06,"81,228,029.60",1489.106
622,8/4/2021,"1,500.00","1,500.00","1,488.00","1,488.90",-0.07,"94,925,942.00",1498.95
623,8/3/2021,"1,500.00","1,500.00","1,485.00","1,490.00",0.2,"87,808,503.20",1503
624,8/2/2021,"1,480.00","1,495.00","1,479.50","1,487.00",0.47,"88,284,171.60",1486.956
625,8/1/2021,"1,494.00","1,494.00","1,466.50","1,480.00",0.2,"111,059,023.50",1496.988
626,7/29/2021,"1,482.00","1,490.00","1,475.10","1,477.00",-0.34,"119,118,020.10",1476.9612
627,7/28/2021,"1,500.00","1,500.00","1,480.00","1,482.00",-0.47,"124,971,911.00",1492.95
628,7/27/2021,"1,462.20","1,500.00","1,433.00","1,489.00",-0.2,"311,473,478.60",1459.2756
629,7/26/2021,"1,500.00","1,515.00","1,480.00","1,492.00",-0.5,"292,600,573.20",1492.5
630,7/25/2021,"1,488.00","1,500.00","1,470.00","1,499.50",2.78,"255,687,925.00",1529.3664
631,7/22/2021,"1,454.00","1,463.00","1,449.00","1,459.00",0.34,"214,167,352.90",1458.9436
632,7/20/2021,"1,480.00","1,490.00","1,430.00","1,454.00",0.21,"164,231,575.80",1483.108
633,7/19/2021,"1,468.00","1,493.00","1,450.00","1,451.00",0.76,"331,812,409.30",1479.1568
634,7/18/2021,"1,368.00","1,440.00","1,368.00","1,440.00",5.96,"386,311,435.30",1449.5328
635,7/15/2021,"1,350.00","1,361.00","1,349.00","1,359.00",0.74,"119,073,636.00",1359.99
636,7/14/2021,"1,350.00","1,358.00","1,330.00","1,349.00",0.15,"136,516,206.00",1352.025
637,7/13/2021,"1,275.00","1,355.00","1,275.00","1,347.00",0.67,"183,090,696.00",1283.5425
638,7/12/2021,"1,400.00","1,400.00","1,324.00","1,338.00",-0.52,"219,177,109.00",1392.72
639,7/11/2021,"1,317.00","1,353.00","1,317.00","1,345.00",2.13,"258,182,140.00",1345.0521
640,7/8/2021,"1,350.00","1,350.00","1,297.00","1,317.00",1.39,"118,662,235.00",1368.765
641,7/7/2021,"1,309.00","1,309.00","1,297.00","1,299.00",-0.15,"86,839,404.00",1307.0365
642,7/6/2021,"1,261.00","1,303.00","1,261.00","1,301.00",0.31,"89,282,718.00",1264.9091
643,7/5/2021,"1,360.00","1,360.00","1,295.00","1,297.00",-0.08,"60,941,322.00",1358.912
644,7/4/2021,"1,300.00","1,305.00","1,296.00","1,298.00",0.08,"61,392,472.00",1301.04
645,7/1/2021,"1,296.00","1,305.00","1,293.00","1,297.00",0.08,"53,880,150.00",1297.0368
646,6/30/2021,"1,232.00","1,315.00","1,232.00","1,296.00",0,"90,201,925.00",1232
647,6/29/2021,"1,310.00","1,310.00","1,295.00","1,296.00",-0.46,"80,669,385.00",1303.974
648,6/28/2021,"1,334.00","1,334.00","1,297.00","1,302.00",0.31,"87,085,191.00",1338.1354
649,6/27/2021,"1,250.00","1,306.00","1,250.00","1,298.00",0.93,"104,898,933.00",1261.625
650,6/24/2021,"1,300.00","1,300.00","1,280.00","1,286.00",-0.39,"103,395,471.00",1294.93
651,6/23/2021,"1,362.00","1,362.00","1,288.00","1,291.00",-0.54,"122,580,938.00",1354.6452
652,6/22/2021,"1,285.00","1,300.00","1,280.00","1,298.00",1.01,"136,905,125.00",1297.9785
653,6/21/2021,"1,300.00","1,304.00","1,284.00","1,285.00",-0.93,"166,378,689.00",1287.91
654,6/20/2021,"1,312.00","1,312.00","1,290.00","1,297.00",-0.92,"152,289,144.00",1299.9296
655,6/17/2021,"1,308.00","1,315.00","1,300.00","1,309.00",0.08,"120,626,628.00",1309.0464
656,6/16/2021,"1,312.00","1,340.00","1,303.00","1,308.00",-0.3,"124,161,732.00",1308.064
657,6/15/2021,"1,374.00","1,374.00","1,295.00","1,312.00",0.23,"145,074,489.00",1377.1602
658,6/14/2021,"1,304.00","1,330.00","1,301.00","1,309.00",0.38,"231,095,878.00",1308.9552
659,6/13/2021,"1,305.00","1,312.00","1,300.00","1,304.00",0,"185,765,969.00",1305
660,6/10/2021,"1,326.00","1,326.00","1,299.00","1,304.00",-0.46,"172,770,018.00",1319.9004
661,6/9/2021,"1,380.00","1,380.00","1,289.00","1,310.00",-0.38,"195,552,154.00",1374.756
662,6/8/2021,"1,307.00","1,321.00","1,307.00","1,315.00",-0.08,"158,473,396.00",1305.9544
663,6/7/2021,"1,350.00","1,350.00","1,308.00","1,316.00",-1.05,"195,221,413.00",1335.825
664,6/6/2021,"1,374.00","1,374.00","1,320.00","1,330.00",1.6,"257,492,740.00",1395.984
665,6/3/2021,"1,255.00","1,321.00","1,255.00","1,309.00",1.24,"228,712,428.00",1270.562
666,6/2/2021,"1,356.00","1,356.00","1,286.00","1,293.00",0.08,"77,956,161.00",1357.0848
667,6/1/2021,"1,285.00","1,295.00","1,276.00","1,292.00",0.54,"141,497,601.00",1291.939
668,5/31/2021,"1,300.00","1,312.00","1,282.00","1,285.00",-1.15,"159,328,671.00",1285.05
669,5/30/2021,"1,294.00","1,316.00","1,294.00","1,300.00",0.46,"117,818,379.00",1299.9524
670,5/27/2021,"1,300.00","1,302.00","1,282.00","1,294.00",-0.92,"140,316,676.00",1288.04
671,5/25/2021,"1,286.00","1,329.00","1,286.00","1,306.00",-1.06,"112,333,749.00",1272.3684
672,5/24/2021,"1,377.00","1,377.00","1,310.00","1,320.00",0.61,"167,976,810.00",1385.3997
673,5/23/2021,"1,275.00","1,313.00","1,275.00","1,312.00",0.92,"139,688,703.00",1286.73
674,5/20/2021,"1,340.00","1,340.00","1,282.00","1,300.00",-0.15,"85,226,904.00",1337.99
675,5/19/2021,"1,373.00","1,373.00","1,290.00","1,302.00",-0.46,"135,522,514.00",1366.6842
676,5/18/2021,"1,373.00","1,373.00","1,304.00","1,308.00",0,"95,638,111.00",1373
677,5/17/2021,"1,299.00","1,320.00","1,299.00","1,308.00",1.55,"135,830,004.00",1319.1345
678,5/16/2021,"1,265.00","1,300.00","1,265.00","1,288.00",1.66,"212,568,856.00",1285.999
679,5/13/2021,"1,270.00","1,270.00","1,260.00","1,267.00",0.4,"96,345,911.00",1275.08
680,5/12/2021,"1,265.00","1,275.00","1,259.00","1,262.00",-0.24,"119,497,170.00",1261.964
681,5/11/2021,"1,256.00","1,274.00","1,256.00","1,265.00",0.4,"120,585,084.00",1261.024
682,5/10/2021,"1,264.00","1,273.00","1,255.00","1,260.00",0.08,"85,094,464.00",1265.0112
683,5/9/2021,"1,265.00","1,274.00","1,250.00","1,259.00",-0.47,"118,890,219.00",1259.0545
684,5/6/2021,"1,273.00","1,273.00","1,260.00","1,265.00",-0.08,"76,446,838.00",1271.9816
685,5/5/2021,"1,290.00","1,290.00","1,265.00","1,266.00",-0.63,"85,611,634.00",1281.873
686,5/4/2021,"1,299.00","1,299.00","1,271.00","1,274.00",-0.78,"102,358,119.00",1288.8678
687,5/3/2021,"1,300.00","1,304.00","1,275.00","1,284.00",0.71,"151,495,839.00",1309.23
688,5/2/2021,"1,295.00","1,295.00","1,265.00","1,275.00",0.39,"119,686,326.00",1300.0505
689,4/29/2021,"1,266.00","1,275.00","1,257.00","1,270.00",0.47,"96,099,923.00",1271.9502
690,4/28/2021,"1,225.00","1,300.00","1,225.00","1,264.00",-1.1,"107,381,191.00",1211.525
691,4/27/2021,"1,231.00","1,280.00","1,231.00","1,278.00",3.82,"135,780,240.00",1278.0242
692,4/26/2021,"1,250.00","1,281.00","1,230.00","1,231.00",-3.07,"195,335,290.00",1211.625
693,4/25/2021,"1,361.00","1,361.00","1,255.00","1,270.00",-2.16,"209,782,404.00",1331.6024
694,4/22/2021,"1,295.00","1,307.00","1,280.00","1,298.00",0.23,"162,253,957.00",1297.9785
695,4/21/2021,"1,380.00","1,380.00","1,290.00","1,295.00",-1.52,"142,693,430.00",1359.024
696,4/20/2021,"1,318.00","1,344.00","1,305.00","1,315.00",-0.23,"158,259,673.00",1314.9686
697,4/19/2021,"1,369.00","1,369.00","1,310.00","1,318.00",-1.27,"187,822,369.00",1351.6137
698,4/18/2021,"1,370.00","1,370.00","1,330.00","1,335.00",-2.55,"233,421,412.00",1335.065
699,4/15/2021,"1,449.00","1,449.00","1,350.00","1,370.00",-0.72,"231,567,321.00",1438.5672
700,4/13/2021,"1,281.00","1,381.00","1,281.00","1,380.00",2.37,"286,260,911.00",1311.3597
701,4/12/2021,"1,335.00","1,360.00","1,320.00","1,348.00",1.35,"245,356,960.00",1353.0225
702,4/8/2021,"1,325.00","1,339.00","1,316.00","1,330.00",0.99,"181,750,977.00",1338.1175
703,4/7/2021,"1,310.00","1,334.00","1,310.00","1,317.00",0.46,"137,623,421.00",1316.026
704,4/6/2021,"1,314.00","1,324.00","1,300.00","1,311.00",-0.3,"135,377,970.00",1310.058
705,4/5/2021,"1,315.00","1,332.00","1,303.00","1,315.00",-0.08,"155,639,619.00",1313.948
706,4/4/2021,"1,347.00","1,347.00","1,293.00","1,316.00",2.57,"245,776,041.00",1381.6179
707,4/1/2021,"1,294.00","1,318.00","1,280.00","1,283.00",-0.85,"139,743,752.00",1283.001
708,3/31/2021,"1,239.00","1,305.00","1,238.00","1,294.00",4.69,"240,742,418.00",1297.1091
709,3/30/2021,"1,232.00","1,240.00","1,230.00","1,236.00",0.32,"119,822,089.00",1235.9424
710,3/29/2021,"1,227.00","1,243.00","1,227.00","1,232.00",0.41,"63,360,330.00",1232.0307
711,3/25/2021,"1,246.00","1,255.00","1,221.00","1,227.00",-0.97,"70,500,989.00",1233.9138
712,3/24/2021,"1,250.00","1,257.00","1,230.00","1,239.00",0.41,"66,150,663.00",1255.125
713,3/23/2021,"1,245.00","1,245.00","1,229.00","1,234.00",-0.8,"68,151,765.00",1235.04
714,3/22/2021,"1,271.00","1,295.00","1,238.00","1,244.00",-1.19,"117,311,727.00",1255.8751
715,3/21/2021,"1,250.00","1,274.00","1,250.00","1,259.00",1.29,"139,029,645.00",1266.125
716,3/18/2021,"1,279.00","1,279.00","1,215.00","1,243.00",1.97,"112,446,031.00",1304.1963
717,3/17/2021,"1,215.00","1,224.00","1,200.00","1,219.00",0.99,"116,825,960.00",1227.0285
718,3/16/2021,"1,145.00","1,225.00","1,145.00","1,207.00",0.17,"138,953,085.00",1146.9465
719,3/15/2021,"1,208.00","1,226.00","1,190.00","1,205.00",-0.82,"197,101,378.00",1198.0944
720,3/14/2021,"1,250.00","1,250.00","1,205.00","1,215.00",-3.19,"206,687,037.00",1210.125
721,3/10/2021,"1,338.00","1,338.00","1,252.00","1,255.00",-1.57,"87,492,191.00",1316.9934
722,3/9/2021,"1,300.00","1,300.00","1,264.00","1,275.00",-0.78,"103,952,129.00",1289.86
723,3/7/2021,"1,300.00","1,305.00","1,271.00","1,285.00",-1.15,"86,069,365.00",1285.05
724,3/4/2021,"1,268.00","1,314.00","1,260.00","1,300.00",4.5,"201,718,889.00",1325.06
725,3/3/2021,"1,258.00","1,270.00","1,226.00","1,244.00",-2.35,"190,673,338.00",1228.437
726,3/2/2021,"1,320.00","1,323.00","1,250.00","1,274.00",-3.04,"170,509,306.00",1279.872
727,3/1/2021,"1,259.00","1,315.00","1,259.00","1,314.00",1.39,"133,958,190.00",1276.5001
728,2/28/2021,"1,322.00","1,325.00","1,287.00","1,296.00",-1.97,"229,458,666.00",1295.9566
729,2/25/2021,"1,360.00","1,377.00","1,314.00","1,322.00",-2.07,"216,053,061.00",1331.848
730,2/24/2021,"1,350.00","1,375.00","1,330.00","1,350.00",1.12,"193,023,822.00",1365.12
731,2/23/2021,"1,300.00","1,344.00","1,286.00","1,335.00",1.21,"373,558,967.00",1315.73
732,2/22/2021,"1,360.00","1,360.00","1,319.00","1,319.00",-2.66,"242,645,153.00",1323.824
733,2/21/2021,"1,435.00","1,435.00","1,335.00","1,355.00",-0.88,"253,188,354.00",1422.372
734,2/18/2021,"1,400.00","1,405.00","1,358.00","1,367.00",-1.73,"260,218,114.00",1375.78
735,2/17/2021,"1,433.00","1,433.00","1,350.00","1,391.00",1.9,"411,625,285.00",1460.227
736,2/16/2021,"1,330.00","1,386.00","1,324.00","1,365.00",3.33,"544,456,014.00",1374.289
737,2/15/2021,"1,230.00","1,328.00","1,230.00","1,321.00",8.19,"680,516,471.00",1330.737
738,2/14/2021,"1,230.00","1,242.00","1,200.00","1,221.00",0.66,"205,591,981.00",1238.118
739,2/11/2021,"1,180.00","1,250.00","1,170.00","1,213.00",3.15,"384,054,454.00",1217.17
740,2/10/2021,"1,160.00","1,189.00","1,152.00","1,176.00",1.38,"152,696,882.00",1176.008
741,2/9/2021,"1,107.00","1,197.00","1,107.00","1,160.00",-0.43,"212,784,832.00",1102.2399
742,2/8/2021,"1,130.00","1,180.00","1,115.00","1,165.00",4.58,"334,434,597.00",1181.754
743,2/7/2021,"1,116.00","1,125.00","1,111.00","1,114.00",-0.18,"136,104,553.00",1113.9912
744,2/4/2021,"1,150.00","1,150.00","1,111.00","1,116.00",-0.36,"91,872,735.00",1145.86
745,2/3/2021,"1,150.00","1,160.00","1,110.00","1,120.00",-0.8,"123,939,445.00",1140.8
746,2/2/2021,"1,130.00","1,140.00","1,120.00","1,129.00",0.8,"88,916,489.00",1139.04
747,2/1/2021,"1,065.00","1,151.00","1,065.00","1,120.00",0.9,"67,372,643.00",1074.585
748,1/31/2021,"1,088.00","1,145.00","1,088.00","1,110.00",-3.06,"128,054,421.00",1054.7072
749,1/28/2021,"1,182.00","1,182.00","1,129.00","1,145.00",-3.13,"164,846,274.00",1145.0034
750,1/27/2021,"1,126.00","1,186.00","1,126.00","1,182.00",1.2,"114,486,768.00",1139.512
751,1/26/2021,"1,190.00","1,194.00","1,165.00","1,168.00",-0.68,"157,180,837.00",1181.908
752,1/25/2021,"1,115.00","1,205.00","1,110.00","1,176.00",5.47,"331,703,579.00",1175.9905
753,1/24/2021,"1,120.00","1,139.00","1,109.00","1,115.00",0.54,"144,104,020.00",1126.048
754,1/21/2021,"1,100.00","1,110.00","1,095.00","1,109.00",0.54,"119,452,296.00",1105.94
755,1/20/2021,"1,172.00","1,172.00","1,100.00","1,103.00",-1.25,"94,216,582.00",1157.35
756,1/19/2021,"1,180.00","1,180.00","1,112.00","1,117.00",-0.98,"73,337,832.00",1168.436
757,1/18/2021,"1,180.00","1,180.00","1,115.00","1,128.00",0,"89,260,230.00",1180
758,1/17/2021,"1,140.00","1,140.00","1,117.00","1,128.00",-0.35,"61,044,047.00",1136.01
759,1/13/2021,"1,130.00","1,147.00","1,130.00","1,132.00",-0.7,"55,436,935.00",1122.09
760,1/12/2021,"1,081.00","1,150.00","1,081.00","1,140.00",1.33,"89,886,785.00",1095.3773
761,1/11/2021,"1,182.00","1,182.00","1,120.00","1,125.00",-0.09,"76,129,051.00",1180.9362
762,1/10/2021,"1,095.00","1,134.00","1,095.00","1,126.00",3.21,"203,939,412.00",1130.1495
763,1/7/2021,"1,042.00","1,112.00","1,042.00","1,091.00",-0.46,"84,901,592.00",1037.2068
764,1/6/2021,"1,097.00","1,104.00","1,086.00","1,096.00",-0.09,"83,523,572.00",1096.0127
765,1/5/2021,"1,111.00","1,118.00","1,095.00","1,097.00",-1.26,"100,390,256.00",1097.0014
766,1/4/2021,"1,135.00","1,136.00","1,102.00","1,111.00",-1.24,"102,321,107.00",1120.926
767,1/3/2021,"1,100.00","1,130.00","1,080.00","1,125.00",2.27,"168,109,683.00",1124.97
768,12/31/2020,"1,110.00","1,130.00","1,100.00","1,100.00",-0.09,"140,476,169.00",1109.001
769,12/30/2020,"1,080.00","1,108.00","1,048.00","1,101.00",6.07,"261,693,768.00",1145.556
770,12/29/2020,"1,380.00","1,400.00","1,380.00","1,386.00",0.51,"530,177,990.00",1387.038
771,12/28/2020,"1,380.00","1,395.00","1,360.00","1,379.00",-0.36,"243,416,028.00",1375.032
772,12/27/2020,"1,425.00","1,450.00","1,381.00","1,384.00",-2.88,"404,921,356.00",1383.96
773,12/24/2020,"1,550.00","1,550.00","1,403.00","1,425.00",-4.3,"614,965,941.00",1483.35
774,12/23/2020,"1,400.00","1,489.00","1,400.00","1,489.00",9.97,"279,179,932.00",1539.58
775,12/22/2020,"1,292.00","1,354.00","1,292.00","1,354.00",9.99,"65,191,252.00",1421.0708
776,12/21/2020,"1,180.00","1,236.00","1,160.00","1,231.00",1.99,"317,629,142.00",1203.482
777,12/20/2020,"1,240.00","1,246.00","1,175.00","1,207.00",-2.27,"392,321,090.00",1211.852
778,12/17/2020,"1,250.00","1,255.00","1,228.00","1,235.00",-1.04,"126,238,866.00",1237
779,12/16/2020,"1,240.00","1,254.00","1,200.00","1,248.00",0.65,"184,859,975.00",1248.06
780,12/15/2020,"1,210.00","1,293.00","1,202.00","1,240.00",1.06,"200,111,684.00",1222.826
781,12/14/2020,"1,172.00","1,248.00","1,160.00","1,227.00",5.87,"327,906,859.00",1240.7964
782,12/13/2020,"1,064.00","1,165.00","1,064.00","1,159.00",3.48,"126,540,741.00",1101.0272
783,12/10/2020,"1,115.00","1,127.00","1,094.00","1,120.00",1.73,"96,928,167.00",1134.2895
784,12/9/2020,"1,125.00","1,135.00","1,095.00","1,101.00",-2.05,"85,573,625.00",1101.9375
785,12/8/2020,"1,140.00","1,162.00","1,115.00","1,124.00",0.54,"128,368,960.00",1146.156
786,12/7/2020,"1,070.00","1,147.00","1,057.00","1,118.00",3.71,"180,793,589.00",1109.697
787,12/6/2020,"1,123.00","1,145.00","1,078.00","1,078.00",-5.44,"179,567,029.00",1061.9088
788,12/3/2020,"1,106.00","1,196.00","1,106.00","1,140.00",1.33,"182,433,622.00",1120.7098
789,12/2/2020,"1,120.00","1,147.00","1,096.00","1,125.00",0.54,"231,653,897.00",1126.048
790,12/1/2020,"1,150.00","1,165.00","1,115.00","1,119.00",-3.45,"201,194,660.00",1110.325
791,11/30/2020,"1,244.00","1,244.00","1,150.00","1,159.00",-2.19,"229,713,140.00",1216.7564
792,11/29/2020,"1,150.00","1,200.00","1,141.00","1,185.00",4.87,"335,607,869.00",1206.005
793,11/26/2020,"1,050.00","1,141.00","1,050.00","1,130.00",8.86,"383,441,401.00",1143.03
794,11/25/2020,981,"1,039.00",972,"1,038.00",6.79,"296,235,333.00",1047.6099
795,11/24/2020,"1,000.00","1,000.00",960,972,-0.61,"56,962,154.00",993.9
796,11/23/2020,970,994,969,978,1.35,"74,141,154.00",983.095
797,11/22/2020,920,985,920,965,6.63,"221,824,547.00",980.996
798,11/19/2020,906,953,900,905,0.44,"85,560,341.00",909.9864
799,11/18/2020,890,905,888,901,1.58,"54,937,368.00",904.062
800,11/12/2020,890,891,883,887,0.45,"32,463,221.00",894.005
801,11/11/2020,896,896,872,883,0.46,"36,680,964.00",900.1216
802,11/10/2020,870,890,865,879,1.97,"25,457,758.00",887.139
803,11/9/2020,866,872,858,862,-0.92,"78,516,171.00",858.0328
804,11/8/2020,880,880,864,870,-1.14,"62,957,972.00",869.968
805,11/5/2020,890,890,875,880,-0.9,"30,744,588.00",881.99
806,11/4/2020,885,890,884,888,0,"18,177,641.00",885
807,11/3/2020,897,897,884,888,0.23,"14,133,088.00",899.0631
808,11/2/2020,891,897,884,886,-0.89,"26,645,462.00",883.0701
809,11/1/2020,902,902,890,894,-0.89,"36,037,361.00",893.9722
810,10/29/2020,948,948,898,902,-0.11,"46,533,552.00",946.9572
811,10/28/2020,895,903,892,903,2.03,"53,276,411.00",913.1685
812,10/22/2020,890,893,880,885,0.57,"41,512,626.00",895.073
813,10/21/2020,870,884,870,880,1.38,"26,834,284.00",882.006
814,10/20/2020,865,872,862,868,0.58,"10,100,283.00",870.017
815,10/19/2020,860,868,860,863,0.47,"9,745,814.00",864.042
816,10/18/2020,860,874,859,859,-0.12,"16,186,884.00",858.968
817,10/15/2020,817,872,817,860,0,"22,063,813.00",817
818,10/14/2020,864,865,859,860,-0.46,"25,112,911.00",860.0256
819,10/13/2020,865,865,861,864,0,"13,128,546.00",865
820,10/12/2020,860,865,860,864,-0.23,"16,732,449.00",858.022
821,10/11/2020,868,870,864,866,-0.35,"21,356,190.00",864.962
822,10/8/2020,880,882,866,869,-0.34,"23,575,489.00",877.008
823,10/7/2020,880,882,868,872,-0.57,"22,719,444.00",874.984
824,10/6/2020,878,885,872,877,0.11,"16,443,686.00",878.9658
825,10/5/2020,885,889,872,876,-0.45,"19,501,801.00",881.0175
826,10/4/2020,890,895,875,880,1.5,"46,554,462.00",903.35
827,10/1/2020,860,869,860,867,0.93,"26,539,772.00",867.998
828,9/30/2020,864,875,857,859,-0.58,"19,158,319.00",858.9888
829,9/29/2020,875,875,862,864,-0.8,"17,694,728.00",868
830,9/28/2020,885,885,868,871,-0.34,"15,400,876.00",881.991
831,9/27/2020,880,883,870,874,-0.11,"20,496,239.00",879.032
832,9/24/2020,866,877,866,875,0.11,"20,511,293.00",866.9526
833,9/23/2020,866,877,866,874,0.34,"26,921,675.00",868.9444
834,9/22/2020,888,890,870,871,-1.36,"45,326,423.00",875.9232
835,9/21/2020,892,892,876,883,0.34,"54,378,128.00",895.0328
836,9/20/2020,876,895,870,880,2.44,"64,108,046.00",897.3744
837,9/17/2020,853,865,851,859,0.7,"28,905,002.00",858.971
838,9/16/2020,858,858,850,853,-0.35,"13,408,729.00",854.997
839,9/15/2020,860,864,853,856,0,"26,877,416.00",860
840,9/14/2020,855,870,852,856,0.82,"28,459,824.00",862.011
841,9/13/2020,855,855,845,849,0.47,"27,216,200.00",859.0185
842,9/10/2020,849,868,835,845,0.12,"22,754,668.00",850.0188
843,9/9/2020,846,846,839,844,-0.24,"30,535,480.00",843.9696
844,9/8/2020,858,858,840,846,-0.35,"18,533,893.00",854.997
845,9/7/2020,863,863,842,849,-0.7,"16,851,726.00",856.959
846,9/6/2020,903,903,854,855,-0.58,"48,599,329.00",897.7626
847,9/3/2020,861,864,843,860,0.23,"46,996,807.00",862.9803
848,9/2/2020,839,866,839,858,2.26,"58,383,099.00",857.9614
849,8/31/2020,840,846,832,839,0,"41,228,199.00",840
850,8/30/2020,850,850,835,839,-0.71,"9,801,586.00",843.965
851,8/27/2020,841,855,841,845,0.48,"19,440,692.00",845.0368
852,8/26/2020,839,850,830,841,1.33,"36,884,764.00",850.1587
853,8/25/2020,839,840,823,830,0,"19,393,753.00",839
854,8/24/2020,833,835,825,830,0.73,"18,913,879.00",839.0809
855,8/23/2020,824,824,814,824,0.86,"11,472,419.00",831.0864
856,8/20/2020,812,822,812,817,-0.61,"8,322,334.00",807.0468
857,8/19/2020,815,825,814,822,-0.96,"14,104,730.00",807.176
858,8/18/2020,833,840,824,830,0.97,"16,999,400.00",841.0801
859,8/17/2020,822,824,815,822,0,"13,631,013.00",822
860,8/16/2020,835,835,810,822,-0.36,"23,880,843.00",831.994
861,8/13/2020,877,877,820,825,-1.32,"30,028,322.00",865.4236
862,8/12/2020,844,844,821,836,0.72,"19,932,024.00",850.0768
863,8/11/2020,847,847,825,830,-0.24,"24,910,632.00",844.9672
864,8/10/2020,825,840,810,832,2.34,"39,607,700.00",844.305
865,8/9/2020,815,815,800,813,-0.12,"29,733,956.00",814.022
866,8/6/2020,859,859,801,814,-0.61,"17,436,076.00",853.7601
867,8/5/2020,824,824,810,819,-0.61,"40,021,376.00",818.9736
868,8/3/2020,809,828,808,824,0.49,"34,937,444.00",812.9641
869,8/2/2020,840,850,820,820,-3.64,"52,644,300.00",809.424
870,7/30/2020,842,854,840,851,0.71,"34,949,016.00",847.9782
871,7/29/2020,855,855,840,845,-1.05,"38,537,876.00",846.0225
872,7/28/2020,872,872,854,854,-0.7,"44,557,820.00",865.896
873,7/27/2020,870,882,860,860,-0.12,"90,909,048.00",868.956
874,7/26/2020,860,870,853,861,1.29,"50,327,556.00",871.094
875,7/23/2020,846,854,831,850,0.47,"46,772,268.00",849.9762
876,7/22/2020,860,875,846,846,-2.2,"44,171,652.00",841.08
877,7/21/2020,885,886,857,865,-1.59,"60,373,204.00",870.9285
878,7/20/2020,912,955,816,879,1.15,"104,333,832.00",922.488
879,7/19/2020,805,869,805,869,10,"604,099.00",885.5
880,7/16/2020,775,790,774,790,3.27,"30,413,146.00",800.3425
881,7/15/2020,750,765,744,765,2.68,"32,648,768.00",770.1
882,7/14/2020,756,760,742,745,0.4,"22,359,330.00",759.024
883,7/13/2020,761,769,741,742,-0.67,"21,192,710.00",755.9013
884,7/12/2020,756,770,746,747,0.67,"20,670,172.00",761.0652
885,7/9/2020,745,749,725,742,0.13,"22,279,100.00",745.9685
886,7/8/2020,752,756,730,741,-0.4,"22,236,188.00",748.992
887,7/7/2020,750,751,740,744,0.95,"31,110,796.00",757.125
888,7/6/2020,725,740,715,737,1.1,"24,070,284.00",732.975
889,7/5/2020,722,734,699,729,1.25,"42,413,480.00",731.025
890,7/2/2020,785,785,702,720,-6.49,"15,291,417.00",734.0535
891,7/1/2020,725,770,725,770,6.21,"11,885,951.00",770.0225
892,6/30/2020,670,726,670,725,9.85,"6,202,588.00",735.995
893,6/29/2020,627,659,594,660,-0.91,"25,230,100.00",621.2943
894,5/13/2020,667,667,660,660,-2.94,"287,170.00",647.3902
895,5/12/2020,687,687,680,680,-3,"1,574,600.00",666.39
896,3/22/2020,744,744,700,701,-3.97,"10,711,884.00",714.4632
897,3/19/2020,701,740,690,730,2.1,"40,326,364.00",715.721
898,3/18/2020,731,739,700,715,-2.19,"31,255,828.00",714.9911
899,3/17/2020,765,765,721,731,-2.53,"34,056,348.00",745.6455
900,3/16/2020,741,764,723,750,0,"41,379,236.00",741
901,3/15/2020,780,787,748,750,-5.06,"53,590,196.00",740.532
902,3/12/2020,831,831,784,790,-3.07,"52,330,864.00",805.4883
903,3/11/2020,791,822,766,815,5.03,"66,473,956.00",830.7873
904,3/10/2020,824,824,776,776,-7.62,"48,387,864.00",761.2112
905,3/5/2020,831,852,813,840,-0.83,"65,853,296.00",824.1027
906,3/4/2020,888,888,838,847,-4.62,"91,614,288.00",846.9744
907,3/3/2020,835,910,815,888,4.47,"130,046,376.00",872.3245
908,3/2/2020,926,939,850,850,-9.57,"61,903,748.00",837.3818
909,3/1/2020,965,"1,000.00",936,940,-1.57,"157,426,240.00",949.8495
910,2/27/2020,861,955,845,955,9.77,"153,067,584.00",945.1197
911,2/26/2020,830,875,828,870,6.88,"70,799,648.00",887.104
912,2/25/2020,805,814,779,814,1.75,"30,262,976.00",819.0875
913,2/24/2020,805,821,791,800,1.27,"75,251,216.00",815.2235
914,2/23/2020,758,804,758,790,4.64,"51,428,772.00",793.1712
915,2/20/2020,752,755,746,755,0.53,"16,200,829.00",755.9856
916,2/19/2020,752,753,746,751,-0.27,"17,521,598.00",749.9696
917,2/18/2020,764,765,744,753,0.4,"35,781,872.00",767.056
918,2/17/2020,738,757,728,750,3.59,"38,522,632.00",764.4942
919,2/16/2020,726,726,719,724,0.14,"12,980,031.00",727.0164
920,2/13/2020,725,727,721,723,0.14,"11,739,379.00",726.015
921,2/12/2020,729,729,721,722,-0.14,"8,502,428.00",727.9794
922,2/11/2020,716,730,715,723,0.42,"19,884,892.00",719.0072
923,2/10/2020,725,727,716,720,-0.14,"16,839,330.00",723.985
924,2/9/2020,732,732,720,721,-0.69,"13,329,862.00",726.9492
925,2/6/2020,735,740,726,726,-1.09,"11,219,692.00",726.9885
926,2/5/2020,739,739,734,734,-0.68,"15,333,803.00",733.9748
927,2/4/2020,741,744,732,739,0.14,"20,084,904.00",742.0374
928,2/3/2020,757,758,733,738,-1.86,"24,608,596.00",742.9198
929,2/2/2020,740,754,740,752,2.17,"28,186,300.00",756.058
930,1/30/2020,724,737,724,736,1.66,"10,794,169.00",736.0184
931,1/29/2020,727,732,721,724,-0.14,"7,633,236.00",725.9822
932,1/28/2020,734,735,725,725,0.69,"11,093,084.00",739.0646
933,1/27/2020,712,729,706,720,1.12,"12,688,880.00",719.9744
934,1/26/2020,727,727,709,712,-2.06,"14,935,615.00",712.0238
935,1/23/2020,745,745,722,727,-2.42,"14,402,288.00",726.971
936,1/22/2020,750,756,745,745,-1.32,"9,571,027.00",740.1
937,1/21/2020,767,767,749,755,-0.79,"13,899,962.00",760.9407
938,1/20/2020,779,780,755,761,-0.39,"19,608,880.00",775.9619
939,1/19/2020,760,766,757,764,1.73,"17,437,788.00",773.148
940,1/16/2020,740,759,740,751,1.49,"20,279,440.00",751.026
941,1/15/2020,735,743,733,740,1.37,"8,250,209.00",745.0695
942,1/14/2020,735,735,716,730,0,"9,134,077.00",735
943,1/13/2020,735,749,726,730,0.55,"29,778,694.00",739.0425
944,1/12/2020,722,728,720,726,1.4,"22,021,006.00",732.108
945,1/9/2020,711,723,711,716,-0.69,"6,898,033.00",706.0941
946,1/8/2020,725,725,715,721,-0.14,"12,888,985.00",723.985
947,1/7/2020,725,734,719,722,1.26,"17,667,224.00",734.135
948,1/6/2020,700,715,700,713,2.3,"16,704,357.00",716.1
949,1/5/2020,690,699,690,697,1.75,"11,916,616.00",702.075
950,1/2/2020,688,690,684,685,-0.72,"13,735,671.00",683.0464
951,1/1/2020,683,690,680,690,1.32,"7,441,866.00",692.0156
952,12/31/2019,679,682,676,681,0.89,"10,266,502.00",685.0431
953,12/30/2019,673,687,673,675,0.15,"11,519,190.00",674.0095
954,12/29/2019,678,679,673,674,-0.3,"10,016,237.00",675.966
955,12/26/2019,667,677,665,676,1.05,"9,770,117.00",674.0035
956,12/25/2019,665,669,665,669,0.3,"8,153,503.00",666.995
957,12/24/2019,662,670,660,667,-11.07,"15,219,265.00",588.7166
958,12/23/2019,760,762,750,750,-0.79,"49,968,524.00",753.996
959,12/22/2019,755,760,750,756,0.4,"25,925,140.00",758.02
960,12/19/2019,749,755,749,753,0.67,"11,292,183.00",754.0183
961,12/18/2019,748,750,742,748,0.67,"11,410,627.00",753.0116
962,12/17/2019,746,747,739,743,0.81,"6,998,419.00",752.0426
963,12/16/2019,750,750,737,737,-0.94,"8,718,734.00",742.95
964,12/15/2019,755,755,744,744,-0.67,"12,680,177.00",749.9415
965,12/12/2019,750,751,744,749,0.27,"12,117,258.00",752.025
966,12/11/2019,745,750,743,747,0.54,"6,602,367.00",749.023
967,12/10/2019,736,745,736,743,0.95,"3,314,343.00",742.992
968,12/9/2019,730,749,730,736,0.96,"4,029,498.00",737.008
969,12/8/2019,739,739,725,729,-0.14,"8,040,885.00",737.9654
970,12/5/2019,730,737,728,730,0.69,"9,587,208.00",735.037
971,12/4/2019,727,729,725,725,0,"7,096,626.00",727
972,12/3/2019,728,730,725,725,0,"6,958,164.00",728
973,12/2/2019,726,726,723,725,0.28,"4,760,969.00",728.0328
974,12/1/2019,725,730,723,723,-0.28,"17,581,984.00",722.97
975,11/28/2019,732,733,724,725,-0.96,"11,378,111.00",724.9728
976,11/27/2019,731,735,729,732,0.27,"13,492,130.00",732.9737
977,11/26/2019,726,735,725,730,0,"6,346,523.00",726
978,11/25/2019,731,732,727,730,0,"7,698,944.00",731
979,11/24/2019,739,742,730,730,-1.35,"9,102,857.00",729.0235
980,11/21/2019,750,750,739,740,-1.33,"5,715,781.00",740.025
981,11/20/2019,755,760,750,750,-0.4,"21,840,960.00",751.98
982,11/19/2019,755,755,750,753,-0.26,"13,687,430.00",753.037
983,11/18/2019,755,756,750,755,0,"17,707,952.00",755
984,11/17/2019,753,755,745,755,0.8,"5,535,999.00",759.024
985,11/14/2019,750,754,749,749,-0.13,"2,850,847.00",749.025
986,11/13/2019,750,755,750,750,0,"5,018,811.00",750
987,11/12/2019,760,760,749,750,-0.4,"16,098,257.00",756.96
988,11/11/2019,759,765,750,753,-0.26,"11,683,992.00",757.0266
989,11/10/2019,760,763,753,755,0,"7,674,441.00",760
990,11/7/2019,772,772,755,755,-1.69,"17,710,572.00",758.9532
991,11/6/2019,774,774,765,768,-0.26,"10,367,567.00",771.9876
992,11/5/2019,775,777,763,770,0.26,"12,474,125.00",777.015
993,11/4/2019,764,780,762,768,1.05,"19,886,452.00",772.022
994,11/3/2019,760,760,752,760,-0.13,"6,072,107.00",759.012
995,10/31/2019,768,768,753,761,-0.91,"4,815,541.00",761.0112
996,10/24/2019,765,768,755,768,0.79,"6,697,374.00",771.0435
997,10/23/2019,756,765,756,762,0.79,"2,368,174.00",761.9724
998,10/22/2019,758,762,754,756,-0.26,"13,223,055.00",756.0292
999,10/21/2019,757,764,755,758,0.13,"4,584,792.00",757.9841
1000,10/20/2019,766,766,756,757,-0.39,"3,146,446.00",763.0126
1001,10/17/2019,762,765,759,760,-0.26,"6,207,023.00",760.0188
1002,10/16/2019,768,768,754,762,-0.13,"3,736,305.00",767.0016
1003,10/15/2019,765,765,760,763,-0.26,"3,789,781.00",763.011
1004,10/14/2019,770,770,757,765,-0.65,"12,628,679.00",764.995
1005,10/10/2019,765,773,765,770,0.13,"560,034.00",765.9945
1006,10/3/2019,778,778,769,769,-0.39,"4,032,416.00",774.9658
1007,10/2/2019,777,780,770,772,0,"3,461,626.00",777
1008,10/1/2019,763,777,761,772,1.58,"2,093,259.00",775.0554
1009,9/30/2019,760,760,754,760,1.06,"3,560,706.00",768.056
1010,9/29/2019,760,760,751,752,-0.92,"2,712,199.00",753.008
1011,9/26/2019,760,762,755,759,0,"3,028,699.00",760
1012,9/25/2019,760,765,759,759,-0.13,"2,976,459.00",759.012
1013,9/24/2019,760,760,757,760,0,"6,067,393.00",760
1014,9/23/2019,761,768,760,760,-0.65,"4,722,361.00",756.0535
1015,9/22/2019,768,770,762,765,-1.29,"5,824,754.00",758.0928
1016,9/19/2019,784,784,772,775,0,"5,030,972.00",784
1017,9/18/2019,765,780,762,775,3.33,"6,096,104.00",790.4745
1018,9/17/2019,745,772,745,750,1.08,"7,664,056.00",753.046
1019,9/16/2019,756,756,742,742,-2.24,"7,940,938.00",739.0656
1020,9/15/2019,770,775,759,759,-1.43,"4,874,908.00",758.989
1021,9/12/2019,770,771,765,770,-0.26,"8,072,324.00",767.998
1022,9/11/2019,765,772,765,772,0.39,"3,594,701.00",767.9835
1023,9/10/2019,772,775,767,769,-0.9,"5,839,289.00",765.052
1024,9/9/2019,775,778,770,776,0,"3,813,681.00",775
1025,9/8/2019,778,781,775,776,-0.51,"7,431,867.00",774.0322
1026,9/5/2019,792,792,777,780,0.39,"6,906,071.00",795.0888
1027,9/4/2019,780,781,770,777,0.39,"11,835,353.00",783.042
1028,9/3/2019,758,775,750,774,2.11,"6,777,484.00",773.9938
1029,9/2/2019,769,769,756,758,-1.43,"5,301,083.00",758.0033
1030,9/1/2019,771,772,767,769,-0.13,"7,131,662.00",769.9977
1031,8/29/2019,771,775,768,770,0,"7,102,386.00",771
1032,8/28/2019,780,790,770,770,-1.03,"3,309,179.00",771.966
1033,8/27/2019,772,780,771,778,0.39,"4,611,481.00",775.0108
1034,8/26/2019,776,776,760,775,-0.13,"17,929,030.00",774.9912
1035,8/25/2019,771,780,771,776,-0.13,"5,716,394.00",769.9977
1036,8/22/2019,778,781,777,777,-0.13,"5,819,886.00",776.9886
1037,8/21/2019,777,779,775,778,0,"10,607,288.00",777
1038,8/20/2019,782,782,777,778,0,"9,741,646.00",782
1039,8/19/2019,779,784,776,778,-0.13,"8,024,707.00",777.9873
1040,8/18/2019,790,790,779,779,-0.64,"9,681,667.00",784.944
1041,8/15/2019,782,785,780,784,0.64,"10,216,347.00",787.0048
1042,8/14/2019,784,784,775,779,-0.38,"9,077,408.00",781.0208
1043,8/13/2019,785,785,781,782,-0.13,"4,840,872.00",783.9795
1044,8/12/2019,782,788,782,783,-0.13,"4,425,270.00",780.9834
1045,8/11/2019,788,788,781,784,-0.76,"7,776,326.00",782.0112
1046,8/8/2019,794,796,787,790,0,"8,237,900.00",794
1047,8/7/2019,790,795,784,790,0,"7,253,945.00",790
1048,8/6/2019,795,795,789,790,-1.25,"10,532,439.00",785.0625
1049,8/5/2019,795,800,795,800,0.13,"7,949,617.00",796.0335
1050,8/4/2019,802,803,796,799,-0.25,"8,875,676.00",799.995
1051,8/1/2019,802,805,800,801,0.13,"9,049,631.00",803.0426
1052,7/31/2019,800,805,800,800,-0.12,"7,380,782.00",799.04
1053,7/30/2019,803,805,800,801,-0.25,"8,762,095.00",800.9925
1054,7/29/2019,800,805,798,803,0.75,"8,776,221.00",806
1055,7/28/2019,808,808,796,797,-0.99,"13,928,301.00",800.0008
1056,7/25/2019,807,811,800,805,-0.86,"9,132,402.00",800.0598
1057,7/24/2019,815,815,805,812,0.5,"14,464,085.00",819.075
1058,7/23/2019,810,810,802,808,0.37,"10,777,123.00",812.997
1059,7/22/2019,810,819,803,805,0.5,"15,859,921.00",814.05
1060,7/21/2019,808,810,800,801,-1.35,"15,373,045.00",797.092
1061,7/18/2019,820,820,808,812,-0.12,"12,441,575.00",819.016
1062,7/17/2019,800,814,800,813,1.63,"14,114,496.00",813.04
1063,7/16/2019,838,838,792,800,0.13,"20,690,486.00",839.0894
1064,7/15/2019,826,833,799,799,-3.15,"24,844,804.00",799.981
1065,7/14/2019,824,827,820,825,0.24,"3,114,375.00",825.9776
1066,7/11/2019,813,824,813,823,1.48,"7,349,011.00",825.0324
1067,7/10/2019,803,815,801,811,0.62,"8,029,610.00",807.9786
1068,7/9/2019,787,806,786,806,2.41,"9,317,059.00",805.9667
1069,7/8/2019,790,790,785,787,-0.38,"3,346,218.00",786.998
1070,7/7/2019,800,805,790,790,-1,"5,135,732.00",792
1071,7/4/2019,796,800,795,798,0.38,"8,304,199.00",799.0248
1072,7/3/2019,787,799,775,795,1.4,"6,256,691.00",798.018
1073,7/2/2019,781,785,775,784,-0.13,"7,396,723.00",779.9847
1074,7/1/2019,783,785,780,785,0,"6,680,735.00",783
1075,6/30/2019,806,806,785,785,-1.88,"22,459,704.00",790.8472
1076,6/27/2019,805,815,799,800,-0.5,"10,381,928.00",800.975
1077,6/26/2019,810,810,802,804,-0.74,"6,305,130.00",804.006
1078,6/25/2019,805,810,800,810,0.25,"3,941,709.00",807.0125
1079,6/24/2019,807,808,802,808,0.37,"2,774,340.00",809.9859
1080,6/23/2019,820,820,804,805,-0.86,"4,509,094.00",812.948
1081,6/20/2019,814,814,805,812,-0.25,"3,483,762.00",811.965
1082,6/19/2019,829,829,803,814,0,"2,548,422.00",829
1083,6/18/2019,816,816,806,814,-0.25,"6,675,233.00",813.96
1084,6/17/2019,814,816,807,816,0.25,"8,422,115.00",816.035
1085,6/16/2019,820,822,813,814,-1.57,"11,054,441.00",807.126
1086,6/13/2019,820,834,818,827,0.85,"8,084,710.00",826.97
1087,6/12/2019,818,823,815,820,-0.24,"7,321,965.00",816.0368
1088,6/11/2019,825,826,820,822,-0.48,"6,604,807.00",821.04
1089,6/10/2019,820,842,820,826,-0.24,"3,747,090.00",818.032
1090,6/6/2019,832,832,826,828,-0.12,"4,044,107.00",831.0016
1091,6/4/2019,843,843,829,829,-0.48,"3,274,335.00",838.9536
1092,6/3/2019,835,835,830,833,-0.12,"2,391,215.00",833.998
1093,6/2/2019,848,848,832,834,-1.53,"5,092,634.00",835.0256
1094,5/30/2019,856,882,847,847,0.83,"7,847,192.00",863.1048
1095,5/29/2019,840,840,837,840,0.48,"2,643,739.00",844.032
1096,5/28/2019,830,844,830,836,-0.48,"2,357,557.00",826.016
1097,5/27/2019,835,840,835,840,0,"2,126,755.00",835
1098,5/26/2019,857,857,835,840,-0.12,"4,580,200.00",855.9716
1099,5/23/2019,843,845,835,841,0,"4,631,903.00",843
1100,5/22/2019,856,856,835,841,0.12,"1,666,961.00",857.0272
1101,5/21/2019,829,840,827,840,1.2,"3,480,164.00",838.948
1102,5/20/2019,849,849,830,830,-1.54,"4,593,487.00",835.9254
1103,5/19/2019,855,855,831,843,-0.24,"5,322,545.00",852.948
1104,5/16/2019,851,858,845,845,-0.71,"5,396,030.00",844.9579
1105,5/15/2019,848,860,844,851,0.35,"4,401,510.00",850.968
1106,5/14/2019,840,850,837,848,0.47,"3,042,368.00",843.948
1107,5/13/2019,845,855,841,844,0.36,"2,239,367.00",848.042
1108,5/12/2019,841,845,831,841,0,"2,969,502.00",841
1109,5/9/2019,862,862,838,841,-0.59,"2,486,583.00",856.9142
1110,5/8/2019,855,855,840,846,-0.47,"6,380,515.00",850.9815
1111,5/7/2019,856,869,850,850,-0.12,"7,040,204.00",854.9728
1112,5/6/2019,845,855,834,851,1.92,"7,017,752.00",861.224
1113,5/5/2019,843,844,830,835,-1.42,"7,923,076.00",831.0294
1114,5/2/2019,850,855,845,847,-1.05,"5,263,300.00",841.075
1115,4/30/2019,871,871,851,856,-1.38,"6,535,452.00",858.9802
1116,4/29/2019,875,880,866,868,-0.57,"7,330,752.00",870.0125
1117,4/28/2019,885,891,873,873,-0.8,"8,416,974.00",877.92
1118,4/25/2019,890,895,877,880,0.23,"8,344,073.00",892.047
1119,4/24/2019,881,894,864,878,-0.34,"5,986,456.00",878.0046
1120,4/23/2019,875,890,859,881,0.11,"13,127,950.00",875.9625
1121,4/22/2019,880,900,868,880,1.62,"26,446,984.00",894.256
1122,4/21/2019,815,867,815,866,6.91,"24,371,418.00",871.3165
1123,4/18/2019,785,810,785,810,4.79,"12,154,425.00",822.6015
1124,4/17/2019,775,780,766,773,0.91,"8,655,913.00",782.0525
1125,4/16/2019,749,773,747,766,2.68,"4,601,029.00",769.0732
1126,4/15/2019,736,746,736,746,1.36,"2,508,067.00",746.0096
1127,4/11/2019,742,743,736,736,-0.54,"5,833,869.00",737.9932
1128,4/10/2019,749,749,735,740,-0.4,"6,083,115.00",746.004
1129,4/9/2019,741,750,740,743,0.41,"9,165,403.00",744.0381
1130,4/8/2019,735,755,730,740,1.09,"17,506,140.00",743.0115
1131,4/7/2019,730,732,721,732,0.69,"17,210,068.00",735.037
1132,4/4/2019,724,728,718,727,0.41,"5,926,768.00",726.9684
1133,4/3/2019,731,731,712,724,0.98,"10,231,962.00",738.1638
1134,4/2/2019,713,718,710,717,0.7,"10,998,068.00",717.991
1135,4/1/2019,713,714,709,712,0,"8,520,113.00",713
1136,3/31/2019,715,717,707,712,-0.28,"4,989,641.00",712.998
1137,3/28/2019,708,719,708,714,0.71,"3,560,176.00",713.0268
1138,3/27/2019,713,715,709,709,-0.42,"6,518,505.00",710.0054
1139,3/26/2019,710,712,706,712,0,"2,766,912.00",710
1140,3/25/2019,709,716,709,712,0,"5,001,380.00",709
1141,3/24/2019,721,721,709,712,0.28,"4,167,379.00",723.0188
1142,3/21/2019,722,722,708,710,-1.8,"6,376,826.00",709.004
1143,3/19/2019,722,724,718,723,0.14,"735,840.00",723.0108
1144,3/18/2019,726,730,722,722,0,"6,660,220.00",726
1145,3/17/2019,715,730,715,722,0.98,"7,160,677.00",722.007
1146,3/14/2019,719,720,708,715,0,"2,724,814.00",719
1147,3/13/2019,725,731,715,715,-0.69,"8,119,235.00",719.9975
1148,3/12/2019,705,720,705,720,3.45,"8,933,482.00",729.3225
1149,3/11/2019,694,700,691,696,0.72,"11,171,683.00",698.9968
1150,3/10/2019,689,691,686,691,0.44,"1,371,509.00",692.0316
1151,3/7/2019,689,690,685,688,0.29,"5,187,912.00",690.9981
1152,3/6/2019,683,688,680,686,0.44,"6,992,179.00",686.0052
1153,3/5/2019,682,690,681,683,0.15,"4,299,414.00",683.023
1154,3/3/2019,690,691,680,682,-0.73,"5,981,206.00",684.963
1155,2/27/2019,686,689,681,687,0,"3,287,509.00",686
1156,2/26/2019,700,700,678,687,-3.09,"6,780,379.00",678.37
1157,2/25/2019,795,799,789,794,-0.13,"25,071,268.00",793.9665
1158,2/24/2019,810,810,792,795,-1,"12,382,022.00",801.9
1159,2/21/2019,792,803,789,803,1.77,"13,943,026.00",806.0184
1160,2/20/2019,793,793,780,789,-0.5,"7,134,674.00",789.035
1161,2/19/2019,793,795,776,793,1.28,"6,056,596.00",803.1504
1162,2/18/2019,815,815,778,783,-2.97,"23,363,212.00",790.7945
1163,2/17/2019,829,829,807,807,-1.34,"5,260,676.00",817.8914
1164,2/14/2019,820,825,818,818,-0.49,"2,045,066.00",815.982
1165,2/13/2019,830,830,818,822,-0.36,"2,590,226.00",827.012
1166,2/12/2019,826,830,825,825,0,"2,022,793.00",826
1167,2/11/2019,830,830,823,825,0.12,"3,206,308.00",830.996
1168,2/10/2019,830,830,820,824,-0.84,"1,978,534.00",823.028
1169,2/7/2019,828,835,826,831,0.36,"3,121,345.00",830.9808
1170,2/6/2019,825,829,825,828,-0.24,"2,700,338.00",823.02
1171,2/5/2019,830,835,830,830,0.12,"1,786,992.00",830.996
1172,2/4/2019,837,838,825,829,-1.43,"4,282,870.00",825.0309
1173,2/3/2019,842,845,840,841,0,"3,504,489.00",842
1174,1/31/2019,838,844,838,841,0.48,"3,704,155.00",842.0224
1175,1/30/2019,835,841,835,837,0.84,"3,021,780.00",842.014
1176,1/29/2019,830,835,830,830,-0.48,"5,226,541.00",826.016
1177,1/28/2019,835,837,832,834,-0.48,"1,857,209.00",830.992
1178,1/27/2019,841,841,832,838,-0.24,"3,264,588.00",838.9816
1179,1/24/2019,843,843,839,840,0.24,"2,157,456.00",845.0232
1180,1/23/2019,843,850,838,838,-0.48,"3,525,291.00",838.9536
1181,1/22/2019,841,845,841,842,-0.12,"1,408,160.00",839.9908
1182,1/21/2019,842,848,836,843,-0.82,"2,879,855.00",835.0956
1183,1/20/2019,844,850,844,850,0.71,"2,244,278.00",849.9924
1184,1/17/2019,845,845,836,844,-0.12,"1,789,744.00",843.986
1185,1/16/2019,858,858,841,845,0.36,"2,495,960.00",861.0888
1186,1/15/2019,842,842,834,842,0.72,"2,274,094.00",848.0624
1187,1/14/2019,839,844,830,836,-0.24,"3,380,041.00",836.9864
1188,1/13/2019,851,851,838,838,0.36,"2,630,499.00",854.0636
1189,1/10/2019,836,848,834,835,0.12,"4,594,681.00",837.0032
1190,1/9/2019,840,840,834,834,-0.36,"3,665,005.00",836.976
1191,1/8/2019,836,839,835,837,0.24,"3,320,723.00",838.0064
1192,1/7/2019,838,840,835,835,-0.24,"3,841,093.00",835.9888
1193,1/6/2019,845,848,835,837,-0.48,"6,131,147.00",840.944
1194,1/3/2019,851,855,841,841,-1.06,"8,406,376.00",841.9794
1195,1/2/2019,859,859,850,850,-0.12,"4,367,064.00",857.9692
1196,1/1/2019,861,863,851,851,-1.05,"4,299,360.00",851.9595
1197,12/31/2018,879,879,860,860,-0.69,"6,190,405.00",872.9349
1198,12/30/2018,866,877,865,866,0.12,"3,580,230.00",867.0392
1199,12/27/2018,875,880,865,865,0.12,"5,420,729.00",876.05
1200,12/26/2018,870,870,860,864,0.23,"6,076,478.00",872.001
1201,12/25/2018,870,870,855,862,-0.69,"1,363,054.00",863.997
1202,12/24/2018,870,876,865,868,-0.23,"4,559,230.00",867.999
1203,12/23/2018,860,870,860,870,2.23,"7,768,742.00",879.178
1204,12/20/2018,855,860,845,851,0.12,"2,889,782.00",856.026
1205,12/19/2018,860,860,850,850,-0.93,"6,065,755.00",852.002
1206,12/18/2018,862,862,856,858,-0.46,"4,313,427.00",858.0348
1207,12/17/2018,850,869,850,862,1.06,"2,156,799.00",859.01
1208,12/16/2018,859,859,850,853,0.71,"8,028,210.00",865.0989
1209,12/13/2018,852,855,847,847,-0.47,"4,154,691.00",847.9956
1210,12/12/2018,855,860,845,851,-0.47,"2,698,524.00",850.9815
1211,12/11/2018,855,860,844,855,0.23,"3,292,015.00",856.9665
1212,12/10/2018,855,860,850,853,0.12,"6,985,900.00",856.026
1213,12/9/2018,853,856,850,852,0.24,"3,551,145.00",855.0472
1214,12/6/2018,850,850,830,850,-0.12,"5,146,673.00",848.98
1215,12/5/2018,860,860,849,851,-1.05,"6,810,591.00",850.97
1216,12/4/2018,860,860,841,860,-0.35,"11,836,081.00",856.99
1217,12/3/2018,870,875,862,863,-0.23,"2,724,634.00",867.999
1218,12/2/2018,880,880,865,865,-1.93,"4,012,974.00",863.016
1219,11/29/2018,885,890,882,882,-0.79,"2,918,930.00",878.0085
1220,11/28/2018,892,900,888,889,0,"4,856,282.00",892
1221,11/27/2018,885,899,885,889,0.11,"3,590,433.00",885.9735
1222,11/26/2018,898,898,888,888,-1.11,"5,315,003.00",888.0322
1223,11/25/2018,904,904,898,898,-0.22,"3,411,869.00",902.0112
1224,11/22/2018,910,915,900,900,-0.66,"4,161,447.00",903.994
1225,11/21/2018,891,906,890,906,0.44,"3,590,008.00",894.9204
1226,11/20/2018,918,918,902,902,-1.64,"689,755.00",902.9448
1227,11/19/2018,915,918,908,917,0,"2,343,176.00",915
1228,11/18/2018,930,930,916,916,-1.08,"2,861,006.00",919.956
1229,11/15/2018,920,940,920,926,0.76,"7,014,926.00",926.992
1230,11/14/2018,919,920,915,919,0,"4,012,461.00",919
1231,11/13/2018,915,921,905,919,1.55,"765,772.00",929.1825
1232,11/12/2018,910,911,897,904,-0.77,"3,671,257.00",902.993
1233,11/11/2018,946,946,897,911,-3.7,"2,049,703.00",910.998
1234,11/6/2018,938,900,900,946,0.85,"213,380.00",945.973
1235,11/5/2018,939,940,935,938,-0.21,"2,564,837.00",937.0281
1236,11/4/2018,947,947,938,940,-0.63,"1,973,599.00",941.0339
1237,11/1/2018,940,949,940,946,-0.63,"1,486,688.00",934.078
1238,10/31/2018,941,952,940,952,1.28,"2,290,367.00",953.0448
1239,10/30/2018,940,945,940,940,0,"1,665,460.00",940
1240,10/29/2018,939,945,939,940,-0.21,"2,696,421.00",937.0281
1241,10/28/2018,956,956,939,942,-1.46,"2,375,880.00",942.0424
1242,10/25/2018,963,963,956,956,-0.62,"1,003,004.00",957.0294
1243,10/24/2018,960,970,956,962,0.21,"3,062,958.00",962.016
1244,10/23/2018,955,960,950,960,0.95,"1,914,357.00",964.0725
1245,10/22/2018,951,959,950,951,-0.21,"1,836,366.00",949.0029
1246,10/21/2018,955,955,950,953,0,"183,830.00",955
1247,10/15/2018,940,956,940,953,1.6,"1,176,840.00",955.04
1248,10/14/2018,935,939,935,938,0.75,"1,805,120.00",942.0125
1249,10/11/2018,931,937,929,931,0.11,"4,765,260.00",932.0241
1250,10/10/2018,929,932,927,930,0,"4,083,177.00",929
