date,open,high,low,ltp,% change,turnover
2024-03-31,510.0,510.0,498.0,500.0,-0.73,14954015.7
2024-03-28,504.5,508.8,503.0,503.7,-0.26,11902101.6
2024-03-27,507.9,508.0,502.5,505.0,-0.26,12065071.1
2024-03-26,505.0,509.0,503.4,506.3,0.66,8156601.0
2024-03-25,510.0,511.0,502.3,503.0,-1.97,15124697.1
2024-03-21,512.0,518.0,511.2,513.1,-0.19,7973915.1
2024-03-20,522.0,522.0,512.2,514.1,0.25,7006231.0
2024-03-19,515.0,518.0,512.6,512.8,-0.81,9814513.2
2024-03-18,516.5,520.0,515.9,517.0,0.19,12690857.2
2024-03-17,510.0,521.0,510.0,516.0,-0.19,10347538.4
2024-03-14,515.0,520.0,514.1,517.0,-0.96,7038977.0
2024-03-13,536.5,536.5,516.0,522.0,-0.76,8166200.1
2024-03-12,524.1,528.0,515.0,526.0,2.35,14650158.7
2024-03-10,515.0,515.0,510.0,513.9,1.16,5707683.6
2024-03-07,519.1,520.0,507.3,508.0,-0.20,7667599.7
2024-03-06,517.0,517.0,502.2,509.0,0.24,11731310.7
2024-03-05,530.0,530.0,498.0,507.8,-3.09,12287658.3
2024-03-04,503.8,524.0,503.8,524.0,6.07,15416.0
2024-03-03,500.0,504.9,490.0,494.0,-1.02,15697269.0
2024-02-29,495.0,509.9,495.0,499.1,-0.66,9494230.6
2024-02-28,510.0,510.0,500.0,502.4,-1.49,9251130.1
2024-02-27,498.0,512.0,498.0,510.0,1.59,9046754.2
2024-02-26,499.0,508.0,499.0,502.0,0.60,9740743.7
2024-02-25,512.0,512.0,498.5,499.0,-2.60,24672577.8
2024-02-22,515.0,519.3,511.2,512.3,-0.72,7492753.8
2024-02-21,520.0,524.0,515.2,516.0,-0.39,6972477.1
2024-02-20,519.0,524.7,511.0,518.0,-0.19,7054799.7
2024-02-18,522.0,522.0,517.0,519.0,-0.57,11657239.6
2024-02-15,522.1,528.0,519.1,522.0,-0.95,6044442.3
2024-02-14,525.0,528.0,521.0,527.0,1.15,17881931.8
2024-02-13,522.2,523.9,515.0,521.0,-0.76,18223799.3
2024-02-12,522.0,525.0,521.6,525.0,0.69,14228881.0
2024-02-11,530.0,532.0,521.4,521.4,-1.16,11451190.2
2024-02-08,529.0,534.0,525.0,527.5,-1.20,10834809.4
2024-02-07,539.5,539.5,530.0,533.9,0.93,12240621.5
2024-02-06,536.5,536.5,527.0,529.0,0.19,12964263.3
2024-02-05,535.0,535.0,525.0,528.0,-0.02,13142417.9
2024-02-04,527.0,531.8,522.2,528.1,0.21,13634866.4
2024-02-01,530.0,539.0,526.0,527.0,-1.31,20984983.6
2024-01-31,540.0,540.0,530.0,534.0,-1.11,25387752.3
2024-01-30,549.5,549.5,537.0,540.0,-0.52,21332658.7
2024-01-29,537.1,544.0,532.0,542.8,0.93,32665237.4
2024-01-28,532.0,538.1,532.0,537.8,1.45,29867668.66
2024-01-25,526.0,535.0,523.3,530.1,0.78,26433321.5
2024-01-24,525.0,529.0,524.0,526.0,0.57,23379213.0
2024-01-23,521.0,529.0,520.0,523.0,0.00,21712178.7
2024-01-22,534.0,534.0,522.3,523.0,-0.57,37390553.1
2024-01-21,555.0,555.0,526.0,526.0,-5.05,51397476.1
2024-01-18,526.0,554.0,519.4,554.0,4.33,34330284.5
2024-01-17,520.3,551.8,520.3,531.0,0.19,43147230.0
2024-01-16,524.0,530.5,480.0,530.0,1.15,17408603.2
2024-01-14,525.0,525.7,516.0,524.0,0.96,21226259.4
2024-01-11,530.0,530.0,516.2,519.0,-0.17,11891909.0
2024-01-10,514.0,527.0,514.0,519.9,1.54,27006969.6
2024-01-09,506.0,515.0,506.0,512.0,1.19,19569601.8
2024-01-08,505.0,509.9,502.1,506.0,0.60,19712210.2
2024-01-07,500.0,508.0,500.0,503.0,-0.85,19603781.4
2024-01-04,508.1,512.0,507.3,507.3,0.24,12436345.5
2024-01-03,505.0,509.0,500.1,506.1,0.22,10785420.9
2024-01-02,509.0,509.0,502.0,505.0,-1.37,18340281.7
2024-01-01,509.0,518.0,509.0,512.0,0.39,10966966.4
2023-12-28,505.1,515.0,505.1,510.0,0.20,8567889.0
2023-12-27,531.0,531.0,507.0,509.0,-2.30,16051467.6
2023-12-24,530.1,530.1,518.2,521.0,-1.72,15151046.8
2023-12-21,545.0,550.0,525.3,530.1,-2.73,26609086.9
2023-12-20,554.0,560.0,543.9,545.0,-0.18,24068783.2
2023-12-19,538.0,548.0,535.0,546.0,1.49,26998099.9
2023-12-18,529.0,539.0,523.0,538.0,3.01,33383158.6
2023-12-17,517.0,523.9,513.1,522.3,-0.13,20340072.4
2023-12-14,519.0,530.0,518.0,523.0,0.97,22278024.8
2023-12-13,512.0,520.0,511.5,518.0,1.27,15780468.5
2023-12-12,513.8,513.8,504.0,511.5,1.53,30723152.6
2023-12-11,528.0,530.0,502.0,503.8,-3.12,31902793.0
2023-12-10,484.5,520.0,484.5,520.0,9.47,1503427.0
2023-12-07,469.0,476.0,469.0,475.0,1.06,5493346.1
2023-12-06,477.0,479.0,464.0,470.0,0.00,5618300.3
2023-12-05,465.2,470.0,465.1,470.0,0.36,2876994.8
2023-12-04,470.0,470.0,462.5,468.3,-0.76,4568992.9
2023-12-03,475.0,475.0,464.0,471.9,-0.23,4294218.4
2023-11-30,472.0,479.8,465.0,473.0,0.21,5400847.8
2023-11-29,490.0,490.0,472.0,472.0,-1.87,3140856.3
2023-11-28,480.0,481.0,477.0,481.0,1.05,4069526.6
2023-11-27,475.5,482.5,475.5,476.0,-0.83,4463866.5
2023-11-26,470.0,480.4,466.2,480.0,2.56,7595638.5
2023-11-23,464.0,469.0,462.2,468.0,0.39,6646334.5
2023-11-22,461.0,467.0,458.2,466.2,-0.17,4867156.8
2023-11-21,476.5,476.5,462.1,467.0,-0.19,4968434.9
2023-11-20,465.0,470.0,465.0,467.9,1.30,5084388.3
2023-11-09,464.0,466.0,458.0,461.9,1.07,5380383.5
2023-11-08,456.0,460.0,454.5,457.0,0.00,6320427.2
2023-11-07,463.0,467.0,455.0,457.0,0.44,6926159.8
2023-11-06,463.0,467.0,453.0,455.0,0.00,7358786.9
2023-11-05,460.0,462.0,452.0,455.0,-1.52,6980875.6
2023-11-02,468.0,468.0,460.0,462.0,-1.28,4272885.0
2023-11-01,470.0,470.0,465.0,468.0,-0.21,5038773.4
2023-10-31,466.1,470.0,466.0,469.0,-0.15,3589267.0
2023-10-30,469.0,471.0,465.1,469.7,-0.28,5002846.5
2023-10-29,492.9,492.9,468.0,471.0,-2.67,3254326.1
2023-10-19,479.0,490.0,471.0,483.9,1.02,12798938.8
2023-10-18,460.0,482.0,459.0,479.0,4.36,15264148.6
2023-10-17,450.0,459.5,450.0,459.0,1.32,10740631.8
2023-10-16,454.0,458.0,448.0,453.0,-0.22,8557752.0
2023-10-12,462.0,462.0,452.8,454.0,-1.73,12318010.5
2023-10-11,468.0,472.0,461.0,462.0,-1.28,14044596.8
2023-10-10,479.9,480.0,466.0,468.0,-1.68,10317913.0
2023-10-09,480.0,484.0,475.1,476.0,-1.27,9445879.2
2023-10-08,495.0,495.0,482.0,482.1,-2.19,15732753.1
2023-10-05,499.9,499.9,488.2,492.9,-0.63,13388558.0
2023-10-04,500.1,507.9,495.0,496.0,-1.39,12158433.3
2023-10-03,514.5,520.0,500.0,503.0,-2.24,22428610.3
2023-10-02,562.0,569.0,558.5,566.0,0.75,53181287.0
2023-10-01,575.0,575.0,560.0,561.8,-1.61,32358609.6
2023-09-27,589.0,589.0,568.0,571.0,-1.50,37773174.8
2023-09-26,590.0,590.0,578.0,579.7,-0.05,11374607.5
2023-09-25,588.0,588.0,578.1,580.0,-0.68,16478822.4
2023-09-24,592.0,592.0,582.0,584.0,-0.85,27402124.5
2023-09-21,602.0,603.8,585.0,589.0,-0.84,49493125.3
2023-09-19,585.0,600.0,581.0,594.0,1.89,20312786.8
2023-09-18,581.0,586.0,578.0,583.0,-0.53,36082628.1
2023-09-17,614.2,614.2,585.5,586.1,-6.48,125456780.4
2023-09-13,620.0,627.0,618.6,626.7,1.44,63831797.8
2023-09-12,626.9,629.0,616.0,617.8,-0.40,45511841.2
2023-09-11,610.0,626.0,605.0,620.3,2.87,57115314.9
2023-09-10,594.0,605.0,594.0,603.0,2.20,31313554.7
2023-09-07,600.0,600.0,590.0,590.0,-1.50,30370796.1
2023-09-05,599.9,604.0,598.1,599.0,0.28,23629321.3
2023-09-04,600.0,603.0,594.0,597.3,0.22,23412563.8
2023-09-03,608.0,608.0,595.9,596.0,-1.32,32343754.3
2023-08-30,608.0,613.9,602.3,604.0,-0.40,24086276.4
2023-08-29,608.0,613.9,606.0,606.4,-0.26,14834549.6
2023-08-28,618.0,618.0,606.0,608.0,0.00,13730397.8
2023-08-27,610.1,613.9,607.4,608.0,-0.70,21267382.4
2023-08-24,623.9,624.0,610.5,612.3,-0.62,24224143.0
2023-08-23,616.0,621.9,615.0,616.1,0.02,20556503.1
2023-08-22,621.7,621.7,610.4,616.0,0.65,17323311.2
2023-08-21,611.0,619.0,610.1,612.0,-0.81,21893289.7
2023-08-20,620.0,621.0,615.0,617.0,0.49,20494376.1
2023-08-17,610.0,619.5,610.0,614.0,0.20,24055404.3
2023-08-16,620.0,620.0,607.8,612.8,-1.16,32053470.7
2023-08-15,633.0,633.0,616.0,620.0,-1.27,51891796.7
2023-08-14,623.0,632.0,620.0,628.0,1.29,55088988.9
2023-08-13,611.0,620.0,607.2,620.0,1.97,49420299.2
2023-08-10,619.0,619.0,607.0,608.0,-0.02,40298720.9
2023-08-09,607.0,612.9,603.0,608.1,0.07,44109335.2
2023-08-08,616.9,616.9,600.3,607.7,0.46,44339013.6
2023-08-07,609.9,610.0,600.0,604.9,0.15,67158573.7
2023-08-06,610.9,623.0,599.0,604.0,0.83,122124798.5
2023-08-03,603.9,604.0,598.1,599.0,0.00,28695932.4
2023-08-02,592.0,605.0,592.0,599.0,0.18,35766841.8
2023-08-01,605.0,606.0,593.0,597.9,-0.85,36598531.9
2023-07-31,609.0,609.0,595.0,603.0,0.17,39228662.5
2023-07-30,600.0,623.0,597.0,602.0,1.18,102062481.9
2023-07-27,588.1,605.0,588.1,595.0,-0.15,60380616.3
2023-07-26,596.0,604.9,591.0,595.9,-0.02,68906770.2
2023-07-25,619.0,619.0,595.0,596.0,-3.07,76205700.2
2023-07-24,613.0,617.0,600.0,614.9,-0.34,82346451.2
2023-07-23,590.0,619.0,588.0,617.0,4.75,96933578.0
2023-07-20,590.0,596.0,586.0,589.0,-0.17,37559543.7
2023-07-19,592.1,594.5,587.0,590.0,-0.34,55438882.9
2023-07-18,584.0,605.0,580.0,592.0,1.81,60630511.4
2023-07-17,563.0,581.5,560.0,581.5,3.29,35622103.2
2023-07-16,570.0,581.0,558.0,563.0,0.18,12190367.6
2023-07-13,565.0,568.0,560.0,562.0,0.38,28384806.8
2023-07-12,551.0,560.0,550.0,559.9,1.60,16726287.6
2023-07-11,560.0,563.0,551.1,551.1,-1.41,10263686.2
2023-07-10,564.0,569.0,555.0,559.0,-0.18,13585393.1
2023-07-09,557.0,560.0,547.4,560.0,2.38,16839492.2
2023-07-06,550.0,550.0,545.0,547.0,-0.53,21570883.0
2023-07-05,562.5,572.0,548.0,549.9,-0.29,26291026.6
2023-07-04,546.0,560.0,546.0,551.5,0.44,22860984.2
2023-07-03,562.0,564.0,548.0,549.1,-0.97,13286833.9
2023-07-02,570.0,575.0,552.0,554.5,-2.70,25263394.1
2023-06-28,580.1,583.9,568.5,569.9,-2.41,33484460.4
2023-06-27,593.5,593.5,580.0,584.0,0.36,51559975.9
2023-06-26,563.0,596.7,563.0,581.9,3.36,94322273.3
2023-06-25,544.0,580.0,538.5,563.0,3.87,60333709.4
2023-06-22,544.9,545.0,539.0,542.0,-0.53,21894598.0
2023-06-21,539.1,544.9,539.1,544.9,0.35,58054871.7
2023-06-20,545.1,552.0,543.0,543.0,-0.55,11528739.8
2023-06-19,548.0,557.0,538.0,546.0,-0.16,13362301.2
2023-06-18,547.0,554.9,540.0,546.9,0.28,38026291.6
2023-06-15,550.0,554.9,543.0,545.4,-0.11,34834779.4
2023-06-14,549.0,555.5,542.0,546.0,0.92,57265908.6
2023-06-13,535.0,544.0,535.0,541.0,0.93,21847116.9
2023-06-12,534.1,542.0,534.0,536.0,0.37,23713219.7
2023-06-11,544.0,544.0,533.5,534.0,0.00,16307629.2
2023-06-08,535.0,537.0,530.0,534.0,0.02,8805036.8
2023-06-07,530.0,540.0,530.0,533.9,-0.39,12899627.9
2023-06-06,532.0,539.5,531.3,536.0,0.75,11037467.6
2023-06-05,540.0,545.0,529.0,532.0,-1.48,15690235.3
2023-06-04,538.5,559.9,533.0,540.0,2.27,24856009.7
2023-06-01,520.0,532.9,520.0,528.0,0.42,18942369.2
2023-05-31,534.0,534.0,518.0,525.8,-1.54,34666659.2
2023-05-30,535.0,547.0,530.0,534.0,-1.48,50081089.4
2023-05-28,555.0,555.0,540.0,542.0,-1.62,30137096.0
2023-05-24,555.0,555.0,547.0,550.9,-0.20,38831352.9
2023-05-23,544.0,555.0,539.0,552.0,3.37,44284283.6
2023-05-22,536.0,543.5,531.0,534.0,-1.11,21582006.5
2023-05-21,547.0,549.0,536.1,540.0,-1.23,18444923.4
2023-05-18,532.9,546.7,525.0,546.7,3.54,35984031.0
2023-05-17,525.0,528.0,522.1,528.0,0.57,11191234.6
2023-05-16,522.0,527.0,522.0,525.0,-0.30,6489746.2
2023-05-15,521.0,527.0,516.0,526.6,0.69,9288666.4
2023-05-14,537.0,537.0,518.0,523.0,-0.93,10309203.0
2023-05-11,522.1,529.9,522.1,527.9,-0.40,6789959.6
2023-05-10,535.0,535.0,524.3,530.0,0.19,13463426.4
2023-05-09,541.9,541.9,528.0,529.0,-1.12,8932761.0
2023-05-08,537.0,537.0,526.0,535.0,-0.37,12052264.7
2023-05-07,545.0,545.0,523.5,537.0,0.22,13443067.6
2023-05-04,539.0,539.0,528.0,535.8,0.36,16570866.4
2023-05-03,547.1,547.1,530.0,533.9,-0.76,6176166.5
2023-05-02,535.0,540.0,530.1,538.0,0.94,17831937.2
2023-04-30,540.0,549.0,531.4,533.0,-1.11,24035994.1
2023-04-27,540.4,561.0,522.3,539.0,1.72,37691419.1
2023-04-26,538.5,538.5,524.5,529.9,0.36,31787743.5
2023-04-25,511.6,530.0,511.6,528.0,1.15,16258641.2
2023-04-24,517.2,524.0,515.0,522.0,0.38,13202313.1
2023-04-23,530.0,534.0,518.0,520.0,-1.87,16077398.9
2023-04-20,521.0,530.0,515.0,529.9,3.60,29176198.3
2023-04-19,520.0,520.0,507.0,511.5,0.29,3121087.7
2023-04-18,513.0,520.0,498.0,510.0,-0.76,10680030.0
2023-04-17,514.0,514.0,507.0,513.9,-0.02,8729016.3
2023-04-16,512.0,514.0,501.0,514.0,1.18,11001934.0
2023-04-13,516.0,517.0,500.1,508.0,0.16,10853655.8
2023-04-12,492.0,509.0,492.0,507.2,5.01,10208986.6
2023-04-11,490.0,490.0,481.0,483.0,0.42,5611387.2
2023-04-10,490.0,490.0,480.6,481.0,-0.17,8815303.3
2023-04-09,488.0,488.0,479.0,481.8,-1.25,11401729.0
2023-04-06,494.0,494.0,485.0,487.9,0.18,6948962.6
2023-04-05,490.0,490.0,482.0,487.0,0.41,4204236.5
2023-04-04,486.0,490.0,481.0,485.0,-0.82,6618187.2
2023-04-03,492.0,492.0,487.0,489.0,-0.59,6230646.5
2023-04-02,502.0,502.0,490.0,491.9,-0.63,10230437.7
2023-03-30,499.0,499.0,489.6,495.0,0.81,10294364.1
2023-03-29,499.6,499.6,490.0,491.0,0.20,7437198.8
2023-03-28,494.0,504.5,490.0,490.0,-0.97,9315173.0
2023-03-27,500.0,500.0,483.0,494.8,0.37,9783215.5
2023-03-26,495.1,500.0,492.0,493.0,-0.82,6838888.7
2023-03-23,502.1,504.0,496.1,497.1,-1.76,11918047.8
2023-03-22,505.0,507.0,502.0,506.0,0.00,7305828.9
2023-03-20,505.0,510.0,505.0,506.0,0.20,10528556.9
2023-03-19,505.0,506.0,500.0,505.0,0.78,9708560.6
2023-03-16,500.0,506.0,498.1,501.1,-0.75,7229027.6
2023-03-15,510.0,511.0,492.0,504.9,-1.37,9452363.8
2023-03-14,502.0,511.9,497.1,511.9,1.77,18897461.4
2023-03-13,505.0,508.0,499.3,503.0,-1.35,13366033.0
2023-03-12,520.0,520.0,505.0,509.9,-1.94,8464155.8
2023-03-09,513.0,520.0,508.0,520.0,2.87,17739929.5
2023-03-07,500.0,509.0,499.0,505.5,1.10,13007424.5
2023-03-05,505.0,505.1,495.1,500.0,-0.60,11486136.6
2023-03-02,505.0,510.0,500.0,503.0,-1.18,13435697.7
2023-03-01,506.3,515.0,506.3,509.0,-1.36,8139466.4
2023-02-28,519.9,519.9,508.0,516.0,0.78,9942152.3
2023-02-27,520.0,530.0,505.0,512.0,0.00,13220915.5
2023-02-26,502.0,514.4,502.0,512.0,0.20,20897117.6
2023-02-23,511.6,514.5,508.0,511.0,-1.73,17796708.1
2023-02-22,514.0,522.0,513.0,520.0,1.36,8417167.2
2023-02-20,520.0,520.0,508.2,513.0,-0.77,7936439.4
2023-02-16,517.1,522.0,516.2,517.0,-1.34,13890086.4
2023-02-15,524.0,530.0,520.0,524.0,-0.55,16529698.9
2023-02-14,524.0,532.0,524.0,526.9,-0.96,15609408.8
2023-02-12,548.0,548.0,530.0,532.0,-3.27,39034632.8
2023-02-09,546.0,552.0,539.0,550.0,0.73,33830289.4
2023-02-08,540.0,548.0,536.1,546.0,1.13,73855554.2
2023-02-07,520.0,545.0,516.0,539.9,3.63,36901180.5
2023-02-06,515.0,521.0,510.0,521.0,1.28,18977346.2
2023-02-05,510.0,519.0,510.0,514.4,1.46,17376284.5
2023-02-02,508.0,520.0,506.5,507.0,0.60,23963167.3
2023-02-01,501.0,513.0,501.0,504.0,0.00,6686276.7
2023-01-31,500.1,509.9,500.1,504.0,-0.22,10278004.8
2023-01-30,516.0,516.0,505.1,505.1,-2.49,15161629.1
2023-01-29,519.0,525.0,512.2,518.0,-0.13,13295792.5
2023-01-26,528.0,530.0,518.7,518.7,-2.13,16671198.8
2023-01-25,535.0,536.0,527.0,530.0,-0.56,13655532.6
2023-01-24,540.0,548.7,528.5,533.0,-0.93,23959233.9
2023-01-23,528.3,547.9,528.3,538.0,3.86,100271577.8
2023-01-19,510.0,536.0,507.1,518.0,1.57,17527479.8
2023-01-18,519.0,520.0,507.0,510.0,-0.41,7763517.2
2023-01-17,507.0,515.0,501.0,512.1,1.01,11151985.6
2023-01-12,529.0,535.0,502.0,507.0,-2.31,37262062.8
2023-01-10,535.0,558.9,515.0,519.0,-1.70,34237998.2
2023-01-09,522.0,532.9,516.0,528.0,1.05,41826941.7
2023-01-08,515.0,531.0,514.9,522.5,0.48,46334587.9
2023-01-05,521.0,529.0,511.0,520.0,0.00,30153472.3
2023-01-04,509.9,520.0,501.0,520.0,3.59,42350445.6
2023-01-03,487.0,503.0,487.0,502.0,2.45,32709747.4
2023-01-02,470.0,492.5,468.0,490.0,2.73,18783637.8
2023-01-01,485.0,500.0,472.9,477.0,-0.63,36711902.2
2022-12-29,465.0,481.8,460.0,480.0,1.91,18354236.6
2022-12-28,486.4,486.4,466.6,471.0,-1.24,4209137.3
2022-12-27,457.9,478.3,457.7,476.9,6.21,41929003.4
2022-12-26,444.6,452.0,436.0,449.0,3.01,9536002.6
2022-12-22,435.0,437.0,427.2,435.9,0.21,25599106.7
2022-12-21,435.0,443.7,432.0,435.0,0.69,4926725.9
2022-12-20,430.0,436.0,430.0,432.0,0.47,6526321.7
2022-12-19,431.0,437.8,425.1,430.0,0.00,25510956.8
2022-12-18,421.5,432.0,421.5,430.0,0.00,3697120.5
2022-12-15,438.0,438.0,423.0,430.0,-2.49,14520576.8
2022-12-14,445.0,445.0,438.0,441.0,-0.90,3160200.1
2022-12-13,448.7,457.7,438.0,445.0,1.14,11993453.5
2022-12-12,442.0,446.4,434.2,440.0,-0.68,9230198.5
2022-12-11,450.0,450.0,441.0,443.0,-1.56,8934989.1
2022-12-07,446.0,453.0,446.0,450.0,-0.71,5259423.6
2022-12-06,455.0,460.0,452.0,453.2,-1.69,5403265.2
2022-12-05,467.0,468.9,460.0,461.0,-1.47,4880619.3
2022-12-04,470.1,474.0,467.0,467.9,-0.62,8071018.4
2022-12-01,463.0,471.0,463.0,470.8,0.81,13233328.4
2022-11-30,476.0,476.0,466.6,467.0,-0.85,4740772.4
2022-11-29,478.0,478.0,465.5,471.0,-1.42,9922577.8
2022-11-28,550.0,550.0,538.1,539.9,-0.75,59831861.2
2022-11-27,540.0,545.0,533.0,544.0,0.74,26919270.2
2022-11-24,544.0,544.0,536.7,540.0,0.20,25524242.2
2022-11-23,554.0,554.0,537.1,538.9,-0.94,19959073.5
2022-11-22,539.0,554.9,534.5,544.0,1.87,37820511.6
2022-11-17,530.0,535.8,525.1,534.0,1.33,21440653.7
2022-11-16,520.0,530.2,518.1,527.0,1.74,16245067.0
2022-11-15,517.0,525.0,516.0,518.0,0.39,22296325.4
2022-11-14,512.0,518.0,512.0,516.0,0.39,7564617.1
2022-11-13,523.0,523.5,514.0,514.0,-1.70,8167040.7
2022-11-10,535.0,535.0,520.0,522.9,-0.40,10988081.9
2022-11-09,530.0,535.0,524.0,525.0,-0.98,23970123.4
2022-11-08,531.0,534.4,530.0,530.2,-0.15,10226168.5
2022-11-07,540.0,541.5,528.0,531.0,-1.67,33553650.4
2022-11-06,542.5,550.0,532.2,540.0,1.50,70901175.4
2022-11-03,545.0,545.0,528.1,532.0,-2.39,40351120.4
2022-11-02,545.0,552.0,538.0,545.0,-0.04,34189231.8
2022-11-01,535.0,550.0,531.1,545.2,2.29,46805052.5
2022-10-31,514.0,540.0,508.7,533.0,5.57,43917077.9
2022-10-23,493.0,505.0,493.0,504.9,2.41,51632997.0
2022-10-20,495.0,501.0,492.0,493.0,-0.50,24904753.7
2022-10-19,505.0,505.0,495.5,495.5,-1.69,5129337.0
2022-10-17,515.0,515.0,499.0,504.0,-1.18,12809485.6
2022-10-16,485.0,510.0,478.0,510.0,5.15,84759739.7
2022-10-13,490.0,490.0,481.7,485.0,0.21,8648629.5
2022-10-12,483.0,488.9,475.2,484.0,0.21,6239202.1
2022-10-11,490.1,490.1,480.0,483.0,-1.43,7539248.2
2022-10-10,497.0,497.0,480.2,490.0,-1.17,6581919.9
2022-10-09,485.0,499.1,485.0,495.8,3.31,3024691.2
2022-09-29,480.0,484.0,475.0,479.9,0.82,6073343.8
2022-09-28,479.0,486.5,475.7,476.0,-1.04,5445411.9
2022-09-27,479.0,487.0,475.0,481.0,0.44,3397491.1
2022-09-25,480.0,482.0,474.0,478.9,0.57,3991515.0
2022-09-22,487.0,487.0,472.0,476.2,-0.67,2955280.6
2022-09-21,481.0,483.9,471.0,479.4,1.65,3912469.2
2022-09-20,481.0,482.0,470.1,471.6,-2.16,7693981.8
2022-09-18,485.1,485.1,481.0,482.0,-1.35,3269936.4
2022-09-16,475.3,489.3,475.3,488.6,0.74,4426342.2
2022-09-15,496.0,504.8,483.0,485.0,-2.96,8537829.7
2022-09-14,493.5,499.8,490.2,499.8,3.05,6772559.0
2022-09-13,490.1,490.1,481.0,485.0,0.94,2930328.1
2022-09-12,488.0,488.0,480.4,480.5,-1.11,5054484.8
2022-09-11,488.0,492.7,485.0,485.9,-0.27,4066979.1
2022-09-08,478.2,490.0,478.2,487.2,0.04,3785337.9
2022-09-07,487.5,489.0,482.2,487.0,0.00,3363911.2
2022-09-06,487.0,489.0,484.0,487.0,0.00,5287582.5
2022-09-05,495.0,495.0,485.2,487.0,-0.39,10458200.1
2022-09-04,494.7,494.7,482.0,488.9,0.80,8835167.2
2022-09-02,490.0,499.8,485.0,485.0,-1.02,5068726.4
2022-09-01,497.0,497.0,485.1,490.0,-0.41,7718158.1
2022-08-31,499.1,504.9,491.0,492.0,-1.40,8012531.6
2022-08-30,504.9,504.9,497.0,499.0,0.20,8382854.7
2022-08-29,493.0,499.0,489.0,498.0,0.40,9416282.3
2022-08-28,507.0,507.0,491.0,496.0,-2.17,12418130.7
2022-08-26,511.0,511.0,500.0,507.0,-0.37,13103530.5
2022-08-25,515.0,515.0,505.0,508.9,-0.22,11879774.7
2022-08-24,513.0,515.0,508.0,510.0,0.20,25009674.3
2022-08-23,514.0,514.0,505.0,509.0,-0.45,7463098.4
2022-08-22,513.0,515.0,510.0,511.3,-0.81,4389607.3
2022-08-21,515.0,519.0,512.6,515.5,0.98,14617992.1
2022-08-18,515.0,515.0,505.0,510.5,0.89,10101706.0
2022-08-17,501.0,508.0,501.0,506.0,0.60,9549717.6
2022-08-16,508.0,510.1,501.0,503.0,-0.40,8811028.5
2022-08-15,496.2,505.0,496.2,505.0,1.77,10786758.4
2022-08-14,500.0,503.9,496.0,496.2,-0.74,13086680.6
2022-08-11,505.9,505.9,497.0,499.9,-0.26,12171747.8
2022-08-10,502.0,504.9,495.0,501.2,-0.16,15740894.3
2022-08-09,505.0,509.9,500.0,502.0,-1.38,17876413.0
2022-08-08,511.0,514.0,505.1,509.0,1.60,27411053.3
2022-08-07,499.5,514.0,495.0,501.0,1.21,20241588.5
2022-08-05,491.1,500.0,489.5,495.0,-0.80,9391778.0
2022-08-04,500.1,506.0,493.0,499.0,-2.16,34573734.1
2022-08-03,520.0,528.0,506.2,510.0,-2.11,21849200.9
2022-08-02,520.0,525.0,515.0,521.0,-0.57,21326654.9
2022-08-01,520.0,535.0,514.0,524.0,0.13,43952681.2
2022-07-31,509.0,524.9,505.0,523.3,4.04,31953164.9
2022-07-29,495.0,506.5,489.0,503.0,2.44,21014792.1
2022-07-28,489.6,508.0,489.6,491.0,2.29,52875675.0
2022-07-27,472.0,487.5,462.2,480.0,1.69,12828694.1
2022-07-26,482.0,482.0,470.0,472.0,-3.28,24889906.6
2022-07-25,473.0,488.0,468.2,488.0,4.05,23445897.7
2022-07-24,454.1,469.0,452.6,469.0,3.30,15512414.4
2022-07-22,455.0,458.9,450.0,454.0,-1.11,9189883.1
2022-07-21,460.0,469.2,456.1,459.1,-0.07,12602744.3
2022-07-20,457.0,462.0,453.0,459.4,0.33,16915507.0
2022-07-19,440.0,458.7,436.2,457.9,2.90,100526623.2
2022-07-18,446.9,451.0,440.0,445.0,-0.43,7764529.3
2022-07-17,432.0,447.0,432.0,446.9,1.80,8020621.9
2022-07-15,429.0,439.0,429.0,439.0,2.59,69471528.6
2022-07-14,427.8,434.1,427.8,427.9,0.00,25342245.8
2022-07-13,420.0,428.0,416.0,427.9,3.61,8142832.2
2022-07-12,422.9,423.0,411.0,413.0,-0.48,13079251.2
2022-07-11,430.0,433.0,415.0,415.0,-4.38,20774636.0
2022-07-08,440.0,440.0,431.5,434.0,-1.36,8513180.9
2022-07-07,453.3,458.0,435.0,440.0,-1.01,11459994.3
2022-07-06,438.5,452.0,436.1,444.5,-0.11,9455881.9
2022-07-05,452.9,458.0,441.1,445.0,-1.77,7012126.0
2022-07-04,458.9,460.0,446.0,453.0,0.67,13033117.8
2022-07-03,445.0,457.0,440.1,450.0,0.00,11283531.8
2022-07-01,460.0,463.0,440.0,450.0,-1.51,6591740.4
2022-06-30,449.9,458.0,436.3,456.9,3.25,11499460.7
2022-06-29,447.0,447.0,436.1,442.5,0.80,2369561.4
2022-06-28,431.1,439.0,425.0,439.0,0.23,2663980.0
2022-06-27,453.0,453.9,436.1,438.0,-1.57,4597801.9
2022-06-26,440.0,448.8,434.2,445.0,2.53,10205813.6
2022-06-24,445.0,445.0,428.3,434.0,-0.69,2992708.8
2022-06-23,436.1,449.8,427.0,437.0,-1.80,5559936.5
2022-06-22,459.8,459.8,438.1,445.0,-1.29,4287213.2
2022-06-21,428.0,460.0,426.8,450.8,5.45,5462264.2
2022-06-20,431.5,439.0,425.1,427.5,-2.62,11067802.6
2022-06-19,453.9,453.9,438.1,439.0,-1.35,4785570.3
2022-06-17,453.0,460.0,443.0,445.0,0.00,1710465.8
2022-06-16,438.2,452.0,438.2,445.0,-0.45,3983396.0
2022-06-15,462.0,462.0,440.0,447.0,-1.32,4968758.6
2022-06-14,466.0,466.0,442.0,453.0,-0.85,8351122.0
2022-06-13,467.1,467.1,451.0,456.9,-0.24,2206586.8
2022-06-10,472.2,472.2,451.0,458.0,-1.08,4851733.6
2022-06-09,478.0,478.0,460.1,463.0,-1.22,4083063.2
2022-06-08,460.0,468.7,450.0,468.7,3.92,4571355.3
2022-06-07,464.0,468.0,451.0,451.0,-2.80,6425026.7
2022-06-06,471.8,484.0,455.3,464.0,0.30,5679189.9
2022-06-03,482.9,482.9,460.0,462.6,-2.30,11234513.3
2022-06-02,476.0,480.0,473.1,473.5,-1.56,3964242.5
2022-06-01,484.0,486.0,479.0,481.0,0.21,4191919.6
2022-05-31,475.2,484.5,475.0,480.0,-0.83,5228745.0
2022-05-30,497.0,497.0,480.0,484.0,-0.82,5747530.9
2022-05-27,493.0,496.0,486.1,488.0,-1.21,5780902.9
2022-05-26,499.9,499.9,490.0,494.0,-0.20,3958714.7
2022-05-25,500.0,500.0,490.0,495.0,0.12,2458476.1
2022-05-24,487.0,494.7,485.0,494.4,1.73,4303518.7
2022-05-23,495.0,495.0,486.0,486.0,-1.08,4305286.2
2022-05-20,496.1,499.0,491.2,491.3,-0.55,1995355.1
2022-05-19,504.9,509.0,494.0,494.0,-0.20,2429376.1
2022-05-18,490.0,496.0,490.0,495.0,0.10,2119273.7
2022-05-17,495.0,499.0,493.0,494.5,-1.88,3726815.8
2022-05-12,502.2,512.0,502.2,504.0,-1.18,3276829.5
2022-05-11,503.0,512.0,501.0,510.0,1.98,3367907.7
2022-05-10,508.0,508.0,495.0,500.1,0.22,4745826.5
2022-05-09,490.0,503.8,490.0,499.0,0.81,10545309.5
2022-05-08,496.0,496.0,486.0,495.0,0.00,7836546.3
2022-05-05,500.0,500.0,490.0,495.0,0.00,6315421.4
2022-05-04,500.0,501.0,495.0,495.0,-1.37,5569825.1
2022-05-02,501.2,506.0,500.0,501.9,-1.01,8318939.0
2022-04-28,517.4,517.9,505.0,507.0,-0.16,2912890.6
2022-04-27,501.3,509.0,501.2,507.8,0.36,2800363.7
2022-04-26,512.0,512.0,503.3,506.0,-1.36,5189582.8
2022-04-25,510.0,520.0,508.0,513.0,0.59,4289115.4
2022-04-24,509.0,519.9,504.0,510.0,2.00,7000177.0
2022-04-21,505.0,509.0,498.0,500.0,-0.60,12574993.0
2022-04-20,502.1,512.0,502.0,503.0,-0.98,4012514.2
2022-04-19,505.0,513.8,501.0,508.0,0.40,5097398.2
2022-04-18,515.0,518.9,505.0,506.0,-1.17,6266507.1
2022-04-17,512.0,520.0,511.0,512.0,-1.35,4722356.4
2022-04-13,515.0,519.0,507.0,519.0,0.97,13059297.6
2022-04-12,520.0,520.0,508.0,514.0,0.37,7738358.1
2022-04-11,529.0,529.0,512.1,512.1,-1.33,10095279.6
2022-04-07,520.0,523.9,513.0,519.0,0.19,8392790.1
2022-04-06,512.0,523.0,512.0,518.0,0.48,5962998.6
2022-04-05,518.0,519.0,512.0,515.5,-0.94,12585069.7
2022-04-04,521.0,527.0,520.0,520.4,-0.12,5582334.1
2022-04-03,523.0,525.0,520.3,521.0,-0.19,5225640.0
2022-03-31,533.0,540.0,522.0,522.0,-0.76,10868301.9
2022-03-30,522.0,529.0,522.0,526.0,0.19,9346149.6
2022-03-29,530.0,530.0,524.1,525.0,-0.57,6605107.1
2022-03-28,527.0,534.9,526.0,528.0,-0.38,4933651.3
2022-03-27,531.1,539.0,528.6,530.0,-0.95,12500081.5
2022-03-24,537.9,540.0,530.0,535.1,-0.72,8506122.3
2022-03-23,545.5,553.0,536.0,539.0,-1.28,7280124.9
2022-03-22,549.9,553.0,543.0,546.0,0.37,6213288.8
2022-03-21,540.0,544.9,533.1,544.0,1.12,8144772.6
2022-03-20,546.0,546.0,537.0,538.0,-1.10,6245962.6
2022-03-16,540.1,556.0,540.1,544.0,-0.55,6317074.4
2022-03-15,557.0,557.0,540.2,547.0,-1.44,10629472.2
2022-03-14,555.0,561.0,550.1,555.0,0.00,1326921.8
2022-03-13,550.0,558.9,539.0,555.0,2.78,7812052.9
2022-03-10,540.0,540.0,529.0,540.0,0.75,16054049.8
2022-03-09,537.0,540.0,531.0,536.0,-0.74,6030498.0
2022-03-07,547.0,547.0,537.0,540.0,0.56,10268421.6
2022-03-06,540.0,549.0,536.2,537.0,-0.37,5501960.8
2022-03-02,548.0,549.0,536.0,539.0,-2.53,18749538.6
2022-02-28,559.0,570.0,553.0,553.0,-1.07,6247086.5
2022-02-27,560.0,568.0,555.0,559.0,-1.06,11222505.2
2022-02-24,577.0,577.0,562.0,565.0,-2.92,7967132.4
2022-02-23,589.0,594.9,576.3,582.0,-3.16,17919814.0
2022-02-22,578.0,601.0,565.0,601.0,3.98,13056453.0
2022-02-21,567.0,578.0,551.5,578.0,2.85,13360988.9
2022-02-20,544.8,562.0,540.0,562.0,1.10,7770305.5
2022-02-17,552.2,564.5,550.0,555.9,0.34,7654415.0
2022-02-16,552.1,573.0,550.0,554.0,0.36,6708720.5
2022-02-15,550.1,556.0,547.0,552.0,0.27,11529902.9
2022-02-14,557.0,568.1,550.0,550.5,-1.17,14908831.5
2022-02-13,561.0,561.0,550.0,557.0,-1.94,13409758.7
2022-02-10,572.0,572.0,565.0,568.0,-0.70,9710698.5
2022-02-09,573.0,578.0,571.0,572.0,-1.35,6881985.5
2022-02-08,589.0,600.7,571.3,579.8,0.40,11736352.3
2022-02-07,578.0,585.0,576.1,577.5,-0.43,4969361.7
2022-02-06,583.0,585.0,578.0,580.0,-0.85,5715693.9
2022-02-03,590.0,595.0,585.0,585.0,0.00,17151039.5
2022-02-01,576.0,585.0,576.0,585.0,0.34,16311590.3
2022-01-31,595.0,595.0,580.0,583.0,-2.00,13727096.6
2022-01-30,587.0,604.0,581.3,594.9,3.28,11574202.7
2022-01-27,578.0,588.0,576.0,576.0,-0.35,7314110.9
2022-01-26,585.0,588.0,576.0,578.0,-0.86,7707701.5
2022-01-25,582.0,593.6,578.2,583.0,0.17,11068276.0
2022-01-24,596.0,597.0,579.0,582.0,-3.16,26971521.5
2022-01-23,610.0,612.0,597.0,601.0,-2.28,29036615.3
2022-01-20,615.0,615.0,605.0,615.0,0.00,27681883.7
2022-01-19,630.0,632.0,614.0,615.0,-2.38,16463614.0
2022-01-18,630.0,640.0,623.0,630.0,0.64,47720890.0
2022-01-17,621.0,635.0,615.0,626.0,2.62,37078226.5
2022-01-16,606.0,621.0,602.3,610.0,0.99,40925073.6
2022-01-13,600.0,604.0,595.7,604.0,0.67,19107113.9
2022-01-12,611.0,616.0,599.1,600.0,-2.12,25734600.9
2022-01-11,610.0,620.0,605.0,613.0,0.49,15942742.6
2022-01-10,629.0,629.0,605.0,610.0,-1.45,20108453.1
2022-01-09,624.0,630.0,612.5,619.0,0.81,38275882.1
2022-01-06,598.0,618.0,588.4,614.0,2.85,24616154.7
2022-01-05,615.0,618.9,591.0,597.0,-2.93,42303701.4
2022-01-04,571.0,625.0,560.1,615.0,7.16,45958834.5
2022-01-03,552.0,576.0,551.1,573.9,4.73,37353840.5
2022-01-02,536.0,551.8,532.0,548.0,2.37,21819449.0
2021-12-29,536.0,540.0,526.2,535.3,-0.13,8005101.0
2021-12-28,525.6,536.0,525.6,536.0,0.54,6965901.6
2021-12-27,543.0,545.0,533.0,533.1,-1.82,12983377.2
2021-12-26,540.0,549.9,535.0,543.0,0.56,19130389.4
2021-12-23,548.0,548.0,535.0,540.0,0.32,10110127.2
2021-12-22,540.0,543.0,535.0,538.3,0.62,11422214.1
2021-12-21,526.0,535.0,521.0,535.0,2.49,8823998.6
2021-12-20,523.0,526.0,520.0,522.0,-0.19,7229328.9
2021-12-16,528.0,530.0,522.0,523.0,-0.83,8078103.7
2021-12-15,550.0,550.0,525.1,527.4,-2.51,12724068.2
2021-12-14,531.0,541.0,521.0,541.0,3.82,6784993.0
2021-12-13,520.1,535.0,515.0,521.1,-0.84,16875262.8
2021-12-12,527.5,535.0,524.0,525.5,-1.59,17368333.8
2021-12-09,532.0,535.0,527.0,534.0,0.95,10101472.5
2021-12-08,537.0,537.0,526.0,529.0,-1.14,19188360.8
2021-12-07,539.0,549.6,535.1,535.1,-0.72,9353364.7
2021-12-06,534.0,548.7,530.0,539.0,0.19,14447447.8
2021-12-05,550.0,550.0,536.0,538.0,-2.18,14347845.9
2021-12-02,585.0,587.9,580.0,583.0,-0.85,20781118.0
2021-12-01,590.0,594.0,582.0,588.0,0.00,9920855.7
2021-11-30,580.0,595.0,580.0,588.0,0.51,10093845.7
2021-11-29,590.0,591.0,582.0,585.0,-0.85,13748318.6
2021-11-28,595.0,598.9,586.1,590.0,-2.16,19843267.6
2021-11-25,601.0,609.0,600.0,603.0,0.50,21620271.4
2021-11-24,608.0,609.0,596.0,600.0,-1.15,38903844.8
2021-11-23,613.5,618.0,600.0,607.0,-1.35,38021115.5
2021-11-22,619.0,622.9,614.1,615.3,-0.60,17437561.3
2021-11-21,625.0,625.0,616.0,619.0,-0.16,18931972.1
2021-11-18,637.0,637.5,618.3,620.0,-0.80,20588008.1
2021-11-17,639.9,639.9,624.0,625.0,-1.73,21044856.2
2021-11-16,625.0,640.3,618.0,636.0,2.50,33050807.3
2021-11-15,630.0,630.0,620.0,620.5,-0.40,18931621.8
2021-11-14,630.0,630.0,621.0,623.0,-1.58,27554350.9
2021-11-11,645.0,645.1,633.0,633.0,-1.89,38172274.5
2021-11-09,652.9,659.9,645.1,645.2,-1.80,35633330.4
2021-11-08,658.0,665.0,655.1,657.0,-0.61,31115389.2
2021-11-03,678.9,678.9,660.0,661.0,-1.34,64140832.4
2021-11-02,670.0,679.0,666.0,670.0,-0.65,51290948.6
2021-11-01,700.0,700.0,674.4,674.4,-2.40,89361180.2
2021-10-31,724.3,724.3,668.3,691.0,-6.50,277926869.1
2021-10-28,738.0,745.0,730.1,739.0,0.96,33975604.6
2021-10-27,744.9,744.9,723.4,732.0,-0.81,29387594.8
2021-10-26,725.0,740.0,720.0,738.0,2.50,42784388.5
2021-10-25,711.0,720.0,709.3,720.0,0.98,22332128.7
2021-10-24,697.0,714.0,697.0,713.0,1.11,10205144.5
2021-10-21,717.9,718.2,696.0,705.2,-0.25,20041643.6
2021-10-20,710.9,723.5,698.0,707.0,1.43,52490684.2
2021-10-19,697.0,699.0,687.3,697.0,-0.44,30081945.9
2021-10-18,710.0,710.0,699.8,700.1,-1.95,20389292.6
2021-10-17,712.9,733.0,700.0,714.0,2.06,19915311.8
2021-10-11,704.0,707.0,695.0,699.6,-0.06,31348874.1
2021-10-10,726.0,726.0,700.0,700.0,-1.67,50085179.5
2021-10-06,710.0,721.0,707.0,711.9,0.69,23972343.0
2021-10-05,705.0,709.0,701.0,707.0,1.58,8229847.5
2021-10-04,697.0,709.0,692.1,696.0,-0.22,17177183.2
2021-10-03,715.0,715.0,695.0,697.5,-2.28,32072068.0
2021-09-30,711.0,721.0,707.0,713.8,-1.00,22877811.2
2021-09-29,708.0,722.0,705.1,721.0,1.84,28722151.7
2021-09-28,708.0,722.0,703.1,708.0,-1.80,26923997.3
2021-09-27,735.0,735.0,710.3,721.0,-1.90,43043695.4
2021-09-26,743.5,750.0,731.0,735.0,0.82,59089010.4
2021-09-23,728.2,748.0,722.0,729.0,2.10,76199396.3
2021-09-22,712.0,716.0,706.0,714.0,2.15,21262580.4
2021-09-21,710.0,717.0,677.1,699.0,0.00,43126839.2
2021-09-20,712.0,715.0,696.0,699.0,-1.96,45651642.4
2021-09-16,720.0,720.0,708.2,713.0,-1.79,30126105.9
2021-09-15,740.0,740.0,726.0,726.0,-1.89,20683836.0
2021-09-14,728.0,745.0,728.0,740.0,0.34,23971469.3
2021-09-13,722.0,741.0,722.0,737.5,0.75,41926310.9
2021-09-12,724.0,735.0,720.0,732.0,1.10,34949227.7
2021-09-09,716.0,743.0,716.0,724.0,0.56,25208163.2
2021-09-08,728.0,730.0,714.0,720.0,-1.10,22301396.4
2021-09-07,750.0,750.0,726.0,728.0,-3.44,42741012.3
2021-09-06,701.0,753.9,701.0,753.9,7.70,47412111.8
2021-09-05,720.1,730.0,700.0,700.0,-3.71,66776438.6
2021-09-02,736.0,740.0,719.0,727.0,-1.09,40325289.7
2021-09-01,740.0,742.0,730.0,735.0,0.75,35363872.2
2021-08-31,734.0,740.0,729.0,729.5,-1.29,62641604.5
2021-08-29,748.0,748.0,735.0,739.0,-0.94,107637563.1
2021-08-26,748.0,758.9,740.0,746.0,-0.27,45187782.5
2021-08-25,762.0,762.0,748.0,748.0,-1.84,43595548.3
2021-08-24,760.0,774.0,755.0,762.0,0.40,98065734.4
2021-08-19,759.0,768.0,755.0,759.0,0.00,47398711.4
2021-08-18,754.0,766.8,745.1,759.0,0.66,65700308.5
2021-08-17,758.0,765.0,752.6,754.0,-0.63,59672440.5
2021-08-16,770.0,770.0,755.0,758.8,-0.30,70790897.7
2021-08-15,752.7,775.0,750.0,761.1,-0.90,83415060.8
2021-08-12,766.0,772.0,761.0,768.0,0.26,55391234.1
2021-08-11,773.0,780.0,762.0,766.0,-0.78,57865856.7
2021-08-10,775.0,780.0,755.0,772.0,1.58,60550258.2
2021-08-09,756.7,765.0,755.0,760.0,-0.13,45184386.6
2021-08-08,764.0,772.0,755.0,761.0,0.13,45644534.0
2021-08-05,764.0,771.0,760.0,760.0,-0.26,56697329.2
2021-08-04,782.3,782.3,761.0,762.0,-0.65,44726564.7
2021-08-03,775.0,775.0,760.0,767.0,0.66,47591635.5
2021-08-02,765.0,770.0,755.0,762.0,-0.13,50929097.9
2021-08-01,762.0,780.0,759.3,763.0,-0.37,72509429.4
2021-07-29,767.0,773.0,762.3,765.8,-0.16,55803764.7
2021-07-28,785.0,785.0,764.1,767.0,-0.90,57395922.7
2021-07-27,770.0,779.0,750.0,774.0,0.00,55016013.2
2021-07-26,798.5,805.0,766.0,774.0,-2.03,96097564.1
2021-07-25,785.0,793.5,771.0,790.0,2.60,119189919.1
2021-07-22,768.0,789.0,761.0,770.0,1.18,65521924.7
2021-07-20,779.0,779.0,759.0,761.0,-0.91,39318414.8
2021-07-19,785.4,795.0,768.0,768.0,-0.26,94751644.3
2021-07-18,744.0,777.0,744.0,770.0,4.34,112874414.4
2021-07-15,771.0,771.0,733.0,738.0,0.41,17186365.0
2021-07-14,737.0,745.0,733.0,735.0,-0.27,16072583.0
2021-07-13,738.0,745.0,735.0,737.0,0.14,20914029.0
2021-07-12,745.0,757.0,735.0,736.0,-1.74,60758807.0
2021-07-11,744.0,750.0,735.0,749.0,1.90,61982535.0
2021-07-08,723.0,740.0,723.0,735.0,1.66,39133446.0
2021-07-07,726.0,730.0,722.0,723.0,-0.41,12955675.0
2021-07-06,720.0,737.0,720.0,726.0,0.41,16892125.0
2021-07-05,730.0,730.0,722.0,723.0,-0.82,12601270.0
2021-07-04,730.0,737.0,718.0,729.0,-0.14,21762565.0
2021-07-01,727.0,735.0,726.0,730.0,0.41,14057965.0
2021-06-30,725.0,730.0,720.0,727.0,-0.55,30920481.0
2021-06-29,736.0,740.0,727.0,731.0,-1.22,28312109.0
2021-06-28,743.0,754.0,736.0,740.0,-0.13,24904540.0
2021-06-27,730.0,744.0,722.0,741.0,1.93,37896996.0
2021-06-24,730.0,740.0,723.0,727.0,-0.41,37180087.0
2021-06-23,700.0,750.0,700.0,730.0,-0.82,37494495.0
2021-06-22,735.0,746.0,726.0,736.0,0.82,31127573.0
2021-06-21,731.0,748.0,726.0,730.0,-1.35,35400672.0
2021-06-20,750.0,754.0,736.0,740.0,-1.99,80016241.0
2021-06-17,770.0,771.0,750.0,755.0,-0.79,60140760.0
2021-06-16,774.0,784.0,753.0,761.0,-0.91,83880611.0
2021-06-15,775.0,811.0,766.0,768.0,0.00,132712290.0
2021-06-14,740.0,775.0,740.0,768.0,3.78,252492965.0
2021-06-13,732.0,760.0,722.0,740.0,1.37,124110970.0
2021-06-10,736.0,739.0,728.0,730.0,-0.82,54750810.0
2021-06-09,741.0,745.0,736.0,736.0,-0.54,53568950.0
2021-06-08,735.0,748.0,733.0,740.0,0.14,51268755.0
2021-06-07,765.0,779.0,735.0,739.0,-1.47,65968075.0
2021-06-06,739.0,763.0,739.0,750.0,2.32,99095515.0
2021-06-03,730.0,746.0,730.0,733.0,0.55,55938086.0
2021-06-02,728.0,732.0,723.0,729.0,0.14,18048866.0
2021-06-01,730.0,736.0,725.0,728.0,-0.27,29095798.0
2021-05-31,737.0,744.0,730.0,730.0,-0.95,43929057.0
2021-05-30,749.0,750.0,736.0,737.0,-0.27,56895716.0
2021-05-27,740.0,745.0,733.0,739.0,-0.54,33974473.0
2021-05-25,754.0,754.0,740.0,743.0,-1.46,34021128.0
2021-05-24,759.0,770.0,748.0,754.0,-0.53,61905548.0
2021-05-23,740.0,765.0,728.0,758.0,2.43,74228587.0
2021-05-20,745.0,745.0,735.0,740.0,0.27,31475134.0
2021-05-19,741.0,749.0,735.0,738.0,0.14,73395922.0
2021-05-18,755.0,755.0,733.0,737.0,0.00,31162254.0
2021-05-17,740.0,749.0,734.0,737.0,0.00,34370932.0
2021-05-16,735.0,737.0,723.0,737.0,2.08,86762213.0
2021-05-13,727.0,729.0,721.0,722.0,-0.55,20255436.0
2021-05-12,726.0,730.0,721.0,726.0,0.00,14045996.0
2021-05-11,691.0,736.0,691.0,726.0,0.00,36374283.0
2021-05-10,730.0,730.0,720.0,726.0,0.14,14086756.0
2021-05-09,761.0,761.0,720.0,725.0,0.00,24095940.0
2021-05-06,765.0,765.0,724.0,725.0,-0.55,31868343.0
2021-05-05,766.0,766.0,725.0,729.0,-0.14,14852564.0
2021-05-04,722.0,742.0,722.0,730.0,-0.41,20955692.0
2021-05-03,743.0,745.0,729.0,733.0,-1.35,46723739.0
2021-05-02,725.0,743.0,720.0,743.0,1.92,35843386.0
2021-04-29,727.0,733.0,719.0,729.0,-0.41,39000536.0
2021-04-28,740.0,740.0,720.0,732.0,-1.35,19798436.0
2021-04-27,712.0,742.0,710.0,742.0,2.34,56626820.0
2021-04-26,750.0,750.0,720.0,725.0,-3.20,54024646.0
2021-04-25,770.0,770.0,739.0,749.0,-3.23,58014044.0
2021-04-22,770.0,785.0,755.0,774.0,0.52,26364320.0
2021-04-21,784.0,784.0,767.0,770.0,-1.91,38606777.0
2021-04-20,789.0,799.0,778.0,785.0,-0.51,41356339.0
2021-04-19,811.0,814.0,788.0,789.0,-2.71,77565650.0
2021-04-18,815.0,834.0,800.0,811.0,-0.37,876299268.0
2021-04-15,841.0,841.0,802.0,814.0,1.62,118496287.0
2021-04-13,806.0,806.0,770.0,801.0,4.30,94850767.0
2021-04-12,740.0,780.0,740.0,768.0,2.81,52913798.0
2021-04-08,740.0,760.0,740.0,747.0,-0.40,18812237.0
2021-04-07,750.0,758.0,741.0,750.0,0.81,29813159.0
2021-04-06,751.0,751.0,740.0,744.0,-0.40,22491040.0
2021-04-05,760.0,765.0,746.0,747.0,-0.13,31244108.0
2021-04-04,752.0,755.0,741.0,748.0,-0.53,23312095.0
2021-04-01,760.0,769.0,752.0,752.0,-0.40,22199061.0
2021-03-31,736.0,765.0,735.0,755.0,2.58,32047902.0
2021-03-30,732.0,739.0,731.0,736.0,-0.14,15521532.0
2021-03-29,736.0,739.0,727.0,737.0,0.27,18392453.0
2021-03-25,750.0,750.0,735.0,735.0,-1.08,16634692.0
2021-03-24,732.0,744.0,725.0,743.0,1.36,21437632.0
2021-03-23,730.0,740.0,730.0,733.0,-0.41,19353218.0
2021-03-22,752.0,753.0,735.0,736.0,-1.21,25564574.0
2021-03-21,748.0,750.0,736.0,745.0,1.50,16230252.0
2021-03-18,736.0,747.0,733.0,734.0,-0.14,51036021.0
2021-03-17,735.0,738.0,723.0,735.0,1.38,11247914.0
2021-03-16,723.0,744.0,721.0,725.0,0.28,22773710.0
2021-03-15,733.0,748.0,723.0,723.0,-2.30,59813422.0
2021-03-14,763.0,763.0,735.0,740.0,-1.60,41598362.0
2021-03-10,760.0,778.0,751.0,752.0,-0.53,24344208.0
2021-03-09,770.0,770.0,753.0,756.0,-1.43,28075719.0
2021-03-07,772.0,783.0,755.0,767.0,-1.29,35593082.0
2021-03-04,780.0,781.0,755.0,777.0,3.19,39969457.0
2021-03-03,770.0,770.0,740.0,753.0,-1.57,50556357.0
2021-03-02,800.0,804.0,760.0,765.0,-3.04,49683369.0
2021-03-01,781.0,799.0,768.0,789.0,1.02,56121331.0
2021-02-28,805.0,805.0,776.0,781.0,-2.98,75947976.0
2021-02-25,832.0,832.0,801.0,805.0,-3.25,85732477.0
2021-02-24,809.0,864.0,804.0,832.0,1.96,171553233.0
2021-02-23,805.0,821.0,791.0,816.0,0.37,55096919.0
2021-02-22,838.0,838.0,808.0,813.0,-2.52,115181706.0
2021-02-21,850.0,850.0,827.0,834.0,-0.48,99949400.0
2021-02-18,854.0,854.0,810.0,838.0,2.95,222959920.0
2021-02-17,830.0,830.0,789.0,814.0,2.91,149859972.0
2021-02-16,805.0,808.0,781.0,791.0,-0.75,83440419.0
2021-02-15,790.0,800.0,779.0,797.0,2.84,74044059.0
2021-02-14,789.0,790.0,775.0,775.0,-1.27,40239123.0
2021-02-11,780.0,798.0,778.0,785.0,0.77,56989317.0
2021-02-10,790.0,797.0,770.0,779.0,-0.38,29232671.0
2021-02-09,807.0,820.0,775.0,782.0,-1.26,35110094.0
2021-02-08,779.0,803.0,774.0,792.0,2.06,56389965.0
2021-02-07,779.0,779.0,766.0,776.0,0.26,49575549.0
2021-02-04,790.0,790.0,768.0,774.0,-1.02,39944677.0
2021-02-03,814.0,816.0,780.0,782.0,-2.25,40606301.0
2021-02-02,780.0,800.0,770.0,800.0,3.63,63350297.0
2021-02-01,770.0,784.0,766.0,772.0,0.26,84812303.0
2021-01-31,785.0,785.0,765.0,770.0,-2.53,88111843.0
2021-01-28,804.0,811.0,790.0,790.0,-3.66,115867420.0
2021-01-27,818.0,830.0,810.0,820.0,0.49,63612197.0
2021-01-26,835.0,835.0,815.0,816.0,-2.04,46428641.0
2021-01-25,822.0,839.0,811.0,833.0,1.22,89193024.0
2021-01-24,810.0,825.0,804.0,823.0,2.24,77093816.0
2021-01-21,810.0,815.0,802.0,805.0,-0.49,58251481.0
2021-01-20,815.0,819.0,807.0,809.0,-1.46,50366392.0
2021-01-19,836.0,842.0,813.0,821.0,-1.68,75775707.0
2021-01-18,848.0,852.0,833.0,835.0,-0.12,109208610.0
2021-01-17,815.0,849.0,810.0,836.0,4.11,124207781.0
2021-01-13,814.0,816.0,803.0,803.0,-0.37,63629286.0
2021-01-12,795.0,809.0,790.0,806.0,1.51,68570014.0
2021-01-11,779.0,809.0,773.0,794.0,1.53,102879154.0
2021-01-10,744.0,799.0,744.0,782.0,-0.13,47250911.0
2021-01-07,785.0,790.0,773.0,783.0,1.29,58906157.0
2021-01-06,775.0,790.0,769.0,773.0,-0.90,49564149.0
2021-01-05,793.0,793.0,770.0,780.0,-1.76,56361332.0
2021-01-04,835.0,835.0,777.0,794.0,-3.41,139469551.0
2021-01-03,790.0,825.0,783.0,822.0,7.03,191750678.0
2020-12-31,725.0,792.0,725.0,768.0,6.67,238560924.0
2020-12-30,672.0,720.0,672.0,720.0,7.14,85485997.0
2020-12-29,690.0,690.0,671.0,672.0,-1.18,14665436.0
2020-12-28,681.0,685.0,670.0,680.0,-0.15,23556129.0
2020-12-27,690.0,694.0,680.0,681.0,0.00,43644891.0
2020-12-24,745.0,745.0,708.0,715.0,0.14,52786265.0
2020-12-23,719.0,740.0,697.0,714.0,0.00,76635662.0
2020-12-22,700.0,715.0,697.0,714.0,3.93,78700752.0
2020-12-21,679.0,700.0,666.0,687.0,0.15,48152040.0
2020-12-20,706.0,706.0,683.0,686.0,-2.83,65893144.0
2020-12-17,700.0,710.0,698.0,706.0,0.28,47055744.0
2020-12-16,740.0,740.0,700.0,704.0,-0.56,29425505.0
2020-12-15,745.0,745.0,703.0,708.0,-0.84,32947076.0
2020-12-14,714.0,720.0,700.0,714.0,0.71,50580167.0
2020-12-13,694.0,710.0,688.0,709.0,3.35,47400090.0
2020-12-10,669.0,686.0,665.0,686.0,1.33,19456668.0
2020-12-09,678.0,690.0,675.0,677.0,-2.03,34972906.0
2020-12-08,710.0,710.0,686.0,691.0,-1.57,26120150.0
2020-12-07,680.0,705.0,677.0,702.0,2.63,40127110.0
2020-12-06,700.0,702.0,684.0,684.0,-2.56,43146160.0
2020-12-03,710.0,724.0,701.0,702.0,-0.57,65393742.0
2020-12-02,710.0,712.0,699.0,706.0,0.14,54576149.0
2020-12-01,712.0,724.0,703.0,705.0,-2.89,50882912.0
2020-11-30,757.0,758.0,722.0,726.0,-2.42,99643437.0
2020-11-29,712.0,760.0,706.0,744.0,6.44,146155575.0
2020-11-26,690.0,715.0,686.0,699.0,2.64,85134083.0
2020-11-25,670.0,682.0,662.0,681.0,2.25,43640271.0
2020-11-24,662.0,670.0,660.0,666.0,0.60,31895882.0
2020-11-23,675.0,677.0,660.0,662.0,-0.45,30983976.0
2020-11-22,654.0,670.0,654.0,665.0,1.99,77013891.0
2020-11-19,658.0,659.0,650.0,652.0,-0.91,55063581.0
2020-11-18,661.0,661.0,654.0,658.0,-0.45,28569433.0
2020-11-12,660.0,666.0,653.0,661.0,1.23,46825148.0
2020-11-11,655.0,659.0,651.0,653.0,0.15,54309777.0
2020-11-10,645.0,663.0,640.0,652.0,0.77,49846822.0
2020-11-09,638.0,659.0,638.0,647.0,-3.58,96929469.0
2020-11-08,670.0,682.0,669.0,671.0,-0.59,40379428.0
2020-11-05,700.0,700.0,674.0,675.0,-5.86,164505387.0
2020-11-04,722.0,730.0,716.0,717.0,-0.14,12218188.0
2020-11-03,717.0,720.0,712.0,718.0,0.00,17146343.0
2020-11-02,719.0,726.0,714.0,718.0,-0.55,26561356.0
2020-11-01,748.0,748.0,720.0,722.0,-2.43,31561349.0
2020-10-29,748.0,754.0,738.0,740.0,0.14,32742428.0
2020-10-28,725.0,739.0,725.0,739.0,2.92,45504987.0
2020-10-22,719.0,720.0,709.0,718.0,0.84,47946910.0
2020-10-21,718.0,719.0,707.0,712.0,0.99,37348085.0
2020-10-20,710.0,714.0,704.0,705.0,0.00,23469622.0
2020-10-19,704.0,709.0,704.0,705.0,0.14,15457196.0
2020-10-18,720.0,721.0,702.0,704.0,-0.98,13698505.0
2020-10-15,715.0,720.0,710.0,711.0,-0.28,8917039.0
2020-10-14,715.0,717.0,709.0,713.0,-0.56,17093184.0
2020-10-13,719.0,720.0,715.0,717.0,-0.42,9904183.0
2020-10-12,725.0,725.0,709.0,720.0,0.70,18343126.0
2020-10-11,721.0,724.0,715.0,715.0,-0.83,16825701.0
2020-10-08,730.0,730.0,720.0,721.0,-0.14,19922826.0
2020-10-07,725.0,728.0,720.0,722.0,-0.82,20469624.0
2020-10-06,721.0,732.0,721.0,728.0,0.00,11276019.0
2020-10-05,739.0,739.0,726.0,728.0,0.00,15023830.0
2020-10-04,735.0,735.0,728.0,728.0,0.00,14380873.0
2020-10-01,734.0,734.0,720.0,728.0,1.11,6527618.0
2020-09-30,730.0,730.0,719.0,720.0,-0.55,7538556.0
2020-09-29,729.0,730.0,722.0,724.0,-1.09,11276241.0
2020-09-28,726.0,735.0,726.0,732.0,0.00,9142154.0
2020-09-27,739.0,739.0,726.0,732.0,0.41,14557904.0
2020-09-24,730.0,733.0,724.0,729.0,-0.14,11611147.0
2020-09-23,733.0,736.0,725.0,730.0,-0.41,13427734.0
2020-09-22,745.0,745.0,731.0,733.0,-1.08,16809651.0
2020-09-21,755.0,755.0,741.0,741.0,-1.20,17734525.0
2020-09-20,755.0,760.0,744.0,750.0,1.21,32702595.0
2020-09-17,732.0,745.0,727.0,741.0,1.23,29963792.0
2020-09-16,728.0,733.0,722.0,732.0,0.14,14079057.0
2020-09-15,739.0,742.0,725.0,731.0,-0.68,17086259.0
2020-09-14,740.0,746.0,736.0,736.0,0.14,21112077.0
2020-09-13,721.0,736.0,711.0,735.0,1.80,72883750.0
2020-09-10,725.0,735.0,720.0,722.0,-0.14,12662382.0
2020-09-09,720.0,727.0,711.0,723.0,-0.28,14261857.0
2020-09-08,734.0,735.0,716.0,725.0,0.14,8754282.0
2020-09-07,726.0,735.0,721.0,724.0,-1.63,16455484.0
2020-09-06,757.0,765.0,735.0,736.0,-1.60,22632568.0
2020-09-03,744.0,753.0,735.0,748.0,0.54,18879120.0
2020-09-02,735.0,752.0,730.0,744.0,2.06,48828828.0
2020-08-31,737.0,737.0,725.0,729.0,0.41,23089173.0
2020-08-30,728.0,728.0,716.0,726.0,-0.55,3256508.0
2020-08-27,732.0,741.0,730.0,730.0,-0.14,9362415.0
2020-08-26,729.0,743.0,719.0,731.0,1.53,21871574.0
2020-08-25,729.0,729.0,718.0,720.0,0.00,8029040.0
2020-08-24,719.0,726.0,716.0,720.0,0.98,10204802.0
2020-08-23,723.0,723.0,708.0,713.0,0.42,7633329.0
2020-08-20,709.0,717.0,703.0,710.0,0.14,4456270.0
2020-08-19,705.0,714.0,705.0,709.0,-1.12,8364885.0
2020-08-18,714.0,719.0,713.0,717.0,0.56,17705003.0
2020-08-17,720.0,720.0,707.0,713.0,0.14,7781364.0
2020-08-16,713.0,719.0,707.0,712.0,-1.79,18654291.0
2020-08-13,730.0,730.0,718.0,725.0,-0.68,15564414.0
2020-08-12,725.0,734.0,718.0,730.0,0.69,11326357.0
2020-08-11,740.0,745.0,725.0,725.0,-1.36,17202276.0
2020-08-10,718.0,741.0,717.0,735.0,2.37,18660486.0
2020-08-09,706.0,718.0,700.0,718.0,0.14,10560600.0
2020-08-06,729.0,729.0,708.0,717.0,-0.55,11016652.0
2020-08-05,730.0,745.0,710.0,721.0,-1.77,18805104.0
2020-08-03,719.0,734.0,706.0,734.0,0.55,23507308.0
2020-08-02,740.0,745.0,725.0,730.0,-3.18,28590396.0
2020-07-30,750.0,756.0,739.0,754.0,0.80,17880744.0
2020-07-29,727.0,757.0,727.0,748.0,-2.22,32397378.0
2020-07-28,765.0,770.0,757.0,765.0,-0.65,17795160.0
2020-07-27,771.0,782.0,769.0,770.0,0.13,25688910.0
2020-07-26,774.0,774.0,757.0,769.0,1.32,20070508.0
2020-07-23,746.0,762.0,740.0,759.0,0.53,27410730.0
2020-07-22,775.0,775.0,750.0,755.0,-1.56,28297514.0
2020-07-21,771.0,780.0,750.0,767.0,-0.52,35887936.0
2020-07-20,800.0,835.0,764.0,771.0,1.18,68752592.0
2020-07-19,725.0,762.0,725.0,762.0,9.96,512195.0
2020-07-16,682.0,697.0,681.0,693.0,2.67,21381464.0
2020-07-15,668.0,693.0,660.0,675.0,1.81,28895372.0
2020-07-14,652.0,669.0,652.0,663.0,0.00,9692314.0
2020-07-13,686.0,686.0,658.0,663.0,1.38,7531950.0
2020-07-12,667.0,667.0,654.0,654.0,0.00,9856504.0
2020-07-09,647.0,660.0,647.0,654.0,-0.91,12048405.0
2020-07-08,665.0,670.0,650.0,660.0,-0.15,11562449.0
2020-07-07,652.0,672.0,644.0,661.0,3.28,17079888.0
2020-07-06,630.0,640.0,620.0,640.0,1.59,8022788.0
2020-07-05,623.0,635.0,601.0,630.0,1.12,12085039.0
2020-07-02,680.0,680.0,623.0,623.0,-6.74,11092392.0
2020-07-01,621.0,669.0,621.0,668.0,9.69,7478035.0
2020-06-30,560.0,609.0,560.0,609.0,8.56,1472588.0
2020-06-29,566.0,566.0,520.0,561.0,-4.68,8502787.0
2020-05-13,583.0,583.0,577.0,577.0,-2.86,58000.0
2020-05-12,600.0,600.0,594.0,594.0,-2.94,191280.0
2020-03-22,618.0,620.0,606.0,612.0,-2.86,3601276.0
2020-03-19,608.0,645.0,590.0,630.0,1.61,26741272.0
2020-03-18,633.0,648.0,594.0,620.0,-3.13,23036548.0
2020-03-17,665.0,670.0,632.0,640.0,-2.44,32548024.0
2020-03-16,650.0,678.0,641.0,656.0,0.61,30090608.0
2020-03-15,712.0,712.0,650.0,652.0,-7.65,44288036.0
2020-03-12,724.0,738.0,702.0,706.0,-4.34,36572260.0
2020-03-11,700.0,738.0,686.0,738.0,6.19,46917648.0
2020-03-10,736.0,751.0,695.0,695.0,-7.46,23098724.0
2020-03-05,750.0,777.0,707.0,751.0,-1.70,35973944.0
2020-03-04,814.0,819.0,762.0,764.0,-6.03,55821364.0
2020-03-03,775.0,837.0,736.0,813.0,3.44,103010880.0
2020-03-02,850.0,862.0,786.0,786.0,-9.03,48603616.0
2020-03-01,897.0,932.0,848.0,864.0,-1.82,107256128.0
2020-02-27,800.0,880.0,775.0,880.0,10.00,106373128.0
2020-02-26,750.0,800.0,745.0,800.0,8.11,37827968.0
2020-02-25,738.0,740.0,700.0,740.0,2.21,21374672.0
2020-02-24,744.0,763.0,715.0,724.0,-0.82,49143400.0
2020-02-23,693.0,730.0,691.0,730.0,7.35,34521752.0
2020-02-20,675.0,680.0,660.0,680.0,2.26,16216278.0
2020-02-19,670.0,672.0,659.0,665.0,-0.75,8203116.0
2020-02-18,674.0,683.0,665.0,670.0,0.00,32461306.0
2020-02-17,649.0,675.0,649.0,670.0,5.18,34431104.0
2020-02-16,637.0,638.0,630.0,637.0,-0.31,8599237.0
2020-02-13,645.0,645.0,638.0,639.0,-0.31,8524073.0
2020-02-12,648.0,648.0,640.0,641.0,-0.31,9339975.0
2020-02-11,639.0,647.0,628.0,643.0,2.55,8120021.0
2020-02-10,637.0,637.0,626.0,627.0,-0.48,5579359.0
2020-02-09,630.0,638.0,629.0,630.0,-1.72,3665015.0
2020-02-06,645.0,646.0,638.0,641.0,-0.77,6651148.0
2020-02-05,650.0,650.0,643.0,646.0,0.78,4462927.0
2020-02-04,654.0,657.0,641.0,641.0,-1.99,10397212.0
2020-02-03,675.0,675.0,651.0,654.0,-0.46,11773239.0
2020-02-02,640.0,657.0,640.0,657.0,4.29,31386708.0
2020-01-30,625.0,633.0,617.0,630.0,2.27,12800858.0
2020-01-29,615.0,617.0,612.0,616.0,0.00,6974559.0
2020-01-28,613.0,627.0,613.0,616.0,0.98,6601639.0
2020-01-27,598.0,610.0,598.0,610.0,2.01,8793904.0
2020-01-26,610.0,610.0,597.0,598.0,-2.29,12502613.0
2020-01-23,616.0,622.0,610.0,612.0,-0.81,6120815.0
2020-01-22,630.0,633.0,617.0,617.0,-1.75,10338663.0
2020-01-21,632.0,634.0,622.0,628.0,-0.79,10181928.0
2020-01-20,654.0,654.0,620.0,633.0,-1.40,13089161.0
2020-01-19,635.0,645.0,633.0,642.0,2.07,16233372.0
2020-01-16,615.0,637.0,615.0,629.0,2.44,17120604.0
2020-01-15,605.0,617.0,595.0,614.0,3.02,21774158.0
2020-01-14,604.0,605.0,585.0,596.0,-1.32,8922912.0
2020-01-13,603.0,619.0,603.0,604.0,1.34,10535788.0
2020-01-12,595.0,599.0,589.0,596.0,1.71,6929948.0
2020-01-09,584.0,591.0,580.0,586.0,0.17,6124220.0
2020-01-08,595.0,603.0,577.0,585.0,0.00,12593632.0
2020-01-07,563.0,588.0,563.0,585.0,4.84,14631228.0
2020-01-06,550.0,563.0,550.0,558.0,2.95,14244640.0
2020-01-05,527.0,546.0,527.0,542.0,2.85,6608390.0
2020-01-02,528.0,530.0,524.0,527.0,0.38,3401210.0
2020-01-01,525.0,525.0,523.0,525.0,0.00,1893449.0
2019-12-31,522.0,530.0,520.0,525.0,0.57,2682433.0
2019-12-30,522.0,522.0,517.0,522.0,-0.57,3696796.0
2019-12-29,526.0,528.0,525.0,525.0,-0.38,2392729.0
2019-12-26,525.0,527.0,525.0,527.0,0.19,1842526.0
2019-12-25,528.0,528.0,525.0,526.0,0.00,2072840.0
2019-12-24,529.0,533.0,526.0,526.0,-0.57,3868938.0
2019-12-23,536.0,536.0,526.0,529.0,0.57,3246579.0
2019-12-22,532.0,532.0,525.0,526.0,-7.56,3041535.0
2019-12-19,575.0,581.0,567.0,569.0,-0.18,8710275.0
2019-12-18,570.0,575.0,570.0,570.0,-0.52,3457182.0
2019-12-17,567.0,576.0,567.0,573.0,-0.35,4146084.0
2019-12-16,579.0,579.0,568.0,575.0,-0.17,8906282.0
2019-12-15,563.0,583.0,563.0,576.0,2.31,7998138.0
2019-12-12,572.0,572.0,560.0,563.0,0.00,6323197.0
2019-12-11,563.0,564.0,560.0,563.0,1.26,2612518.0
2019-12-10,560.0,569.0,550.0,556.0,0.91,3074246.0
2019-12-09,541.0,556.0,541.0,551.0,0.92,3400008.0
2019-12-08,546.0,550.0,543.0,546.0,0.00,3967147.0
2019-12-05,544.0,552.0,543.0,546.0,0.00,2512138.0
2019-12-04,550.0,551.0,542.0,546.0,0.92,2019360.0
2019-12-03,540.0,543.0,537.0,541.0,0.37,2978979.0
2019-12-02,537.0,541.0,537.0,539.0,0.37,2631999.0
2019-12-01,544.0,547.0,537.0,537.0,-1.47,3712315.0
2019-11-28,545.0,553.0,543.0,545.0,0.00,4349348.0
2019-11-27,539.0,549.0,538.0,545.0,0.93,2236025.0
2019-11-26,540.0,541.0,535.0,540.0,0.37,3571226.0
2019-11-25,529.0,539.0,529.0,538.0,-0.19,4911160.0
2019-11-24,545.0,545.0,537.0,539.0,-1.64,5177368.0
2019-11-21,551.0,551.0,548.0,548.0,-1.26,2549876.0
2019-11-20,555.0,562.0,551.0,555.0,0.73,5429820.0
2019-11-19,563.0,563.0,551.0,551.0,-0.36,1374127.0
2019-11-18,551.0,554.0,551.0,553.0,-0.36,4079332.0
2019-11-17,555.0,555.0,551.0,555.0,0.00,3128994.0
2019-11-14,555.0,560.0,551.0,555.0,0.73,1367383.0
2019-11-13,555.0,555.0,550.0,551.0,-0.18,1763600.0
2019-11-12,555.0,556.0,550.0,552.0,-0.54,1758392.0
2019-11-11,556.0,565.0,550.0,555.0,-0.36,5300767.0
2019-11-10,567.0,567.0,552.0,557.0,0.00,3000623.0
2019-11-07,567.0,567.0,557.0,557.0,-0.71,2946220.0
2019-11-06,567.0,567.0,556.0,561.0,0.72,4298772.0
2019-11-05,557.0,560.0,535.0,557.0,0.00,14646435.0
2019-11-04,551.0,560.0,550.0,557.0,-0.36,2684953.0
2019-11-03,558.0,559.0,553.0,559.0,0.18,3180189.0
2019-10-31,557.0,560.0,553.0,558.0,0.18,3761209.0
2019-10-24,560.0,560.0,550.0,557.0,1.27,7390685.0
2019-10-23,546.0,550.0,545.0,550.0,0.73,1874290.0
2019-10-22,540.0,547.0,540.0,546.0,0.18,8698017.0
